USE [SBS]
GO
/****** Object:  ForeignKey [FK_ACTM_CSTM]    Script Date: 10/29/2015 01:17:24 ******/
ALTER TABLE [dbo].[ACTM] DROP CONSTRAINT [FK_ACTM_CSTM]
GO
/****** Object:  ForeignKey [FK_ACTM_CSTM1]    Script Date: 10/29/2015 01:17:24 ******/
ALTER TABLE [dbo].[ACTM] DROP CONSTRAINT [FK_ACTM_CSTM1]
GO
/****** Object:  ForeignKey [FK_ERRHIST_ACTM]    Script Date: 10/29/2015 01:17:30 ******/
ALTER TABLE [dbo].[ERRHIST] DROP CONSTRAINT [FK_ERRHIST_ACTM]
GO
/****** Object:  ForeignKey [FK_ERRHIST_CSTM]    Script Date: 10/29/2015 01:17:30 ******/
ALTER TABLE [dbo].[ERRHIST] DROP CONSTRAINT [FK_ERRHIST_CSTM]
GO
/****** Object:  ForeignKey [FK_ERRHIST_EMPM]    Script Date: 10/29/2015 01:17:30 ******/
ALTER TABLE [dbo].[ERRHIST] DROP CONSTRAINT [FK_ERRHIST_EMPM]
GO
/****** Object:  ForeignKey [FK_ERRHIST_EMPM1]    Script Date: 10/29/2015 01:17:30 ******/
ALTER TABLE [dbo].[ERRHIST] DROP CONSTRAINT [FK_ERRHIST_EMPM1]
GO
/****** Object:  ForeignKey [FK_FINHIST_ACTM]    Script Date: 10/29/2015 01:17:49 ******/
ALTER TABLE [dbo].[FINHIST] DROP CONSTRAINT [FK_FINHIST_ACTM]
GO
/****** Object:  ForeignKey [FK_FINHIST_CSTM]    Script Date: 10/29/2015 01:17:49 ******/
ALTER TABLE [dbo].[FINHIST] DROP CONSTRAINT [FK_FINHIST_CSTM]
GO
/****** Object:  ForeignKey [FK_FINHIST_EMPM]    Script Date: 10/29/2015 01:17:49 ******/
ALTER TABLE [dbo].[FINHIST] DROP CONSTRAINT [FK_FINHIST_EMPM]
GO
/****** Object:  ForeignKey [FK_FINHIST_EMPM1]    Script Date: 10/29/2015 01:17:49 ******/
ALTER TABLE [dbo].[FINHIST] DROP CONSTRAINT [FK_FINHIST_EMPM1]
GO
/****** Object:  ForeignKey [FK_NFINHIST_ACTM]    Script Date: 10/29/2015 01:17:50 ******/
ALTER TABLE [dbo].[NFINHIST] DROP CONSTRAINT [FK_NFINHIST_ACTM]
GO
/****** Object:  ForeignKey [FK_NFINHIST_CSTM]    Script Date: 10/29/2015 01:17:50 ******/
ALTER TABLE [dbo].[NFINHIST] DROP CONSTRAINT [FK_NFINHIST_CSTM]
GO
/****** Object:  ForeignKey [FK_NFINHIST_EMPM]    Script Date: 10/29/2015 01:17:50 ******/
ALTER TABLE [dbo].[NFINHIST] DROP CONSTRAINT [FK_NFINHIST_EMPM]
GO
/****** Object:  ForeignKey [FK_NFINHIST_EMPM1]    Script Date: 10/29/2015 01:17:50 ******/
ALTER TABLE [dbo].[NFINHIST] DROP CONSTRAINT [FK_NFINHIST_EMPM1]
GO
/****** Object:  ForeignKey [FK_PENDTXN_ACTM]    Script Date: 10/29/2015 01:17:51 ******/
ALTER TABLE [dbo].[PENDTXN] DROP CONSTRAINT [FK_PENDTXN_ACTM]
GO
/****** Object:  ForeignKey [FK_PENDTXN_ACTM1]    Script Date: 10/29/2015 01:17:51 ******/
ALTER TABLE [dbo].[PENDTXN] DROP CONSTRAINT [FK_PENDTXN_ACTM1]
GO
/****** Object:  ForeignKey [FK_PENDTXN_CSTM]    Script Date: 10/29/2015 01:17:51 ******/
ALTER TABLE [dbo].[PENDTXN] DROP CONSTRAINT [FK_PENDTXN_CSTM]
GO
/****** Object:  ForeignKey [FK_PENDTXN_EMPM]    Script Date: 10/29/2015 01:17:51 ******/
ALTER TABLE [dbo].[PENDTXN] DROP CONSTRAINT [FK_PENDTXN_EMPM]
GO
/****** Object:  ForeignKey [FK_PKIT_CSTM]    Script Date: 10/29/2015 01:17:52 ******/
ALTER TABLE [dbo].[PKIT] DROP CONSTRAINT [FK_PKIT_CSTM]
GO
/****** Object:  Table [dbo].[FINHIST]    Script Date: 10/29/2015 01:17:49 ******/
ALTER TABLE [dbo].[FINHIST] DROP CONSTRAINT [FK_FINHIST_ACTM]
GO
ALTER TABLE [dbo].[FINHIST] DROP CONSTRAINT [FK_FINHIST_CSTM]
GO
ALTER TABLE [dbo].[FINHIST] DROP CONSTRAINT [FK_FINHIST_EMPM]
GO
ALTER TABLE [dbo].[FINHIST] DROP CONSTRAINT [FK_FINHIST_EMPM1]
GO
DROP TABLE [dbo].[FINHIST]
GO
/****** Object:  Table [dbo].[NFINHIST]    Script Date: 10/29/2015 01:17:50 ******/
ALTER TABLE [dbo].[NFINHIST] DROP CONSTRAINT [FK_NFINHIST_ACTM]
GO
ALTER TABLE [dbo].[NFINHIST] DROP CONSTRAINT [FK_NFINHIST_CSTM]
GO
ALTER TABLE [dbo].[NFINHIST] DROP CONSTRAINT [FK_NFINHIST_EMPM]
GO
ALTER TABLE [dbo].[NFINHIST] DROP CONSTRAINT [FK_NFINHIST_EMPM1]
GO
DROP TABLE [dbo].[NFINHIST]
GO
/****** Object:  Table [dbo].[PENDTXN]    Script Date: 10/29/2015 01:17:51 ******/
ALTER TABLE [dbo].[PENDTXN] DROP CONSTRAINT [FK_PENDTXN_ACTM]
GO
ALTER TABLE [dbo].[PENDTXN] DROP CONSTRAINT [FK_PENDTXN_ACTM1]
GO
ALTER TABLE [dbo].[PENDTXN] DROP CONSTRAINT [FK_PENDTXN_CSTM]
GO
ALTER TABLE [dbo].[PENDTXN] DROP CONSTRAINT [FK_PENDTXN_EMPM]
GO
DROP TABLE [dbo].[PENDTXN]
GO
/****** Object:  Table [dbo].[ERRHIST]    Script Date: 10/29/2015 01:17:30 ******/
ALTER TABLE [dbo].[ERRHIST] DROP CONSTRAINT [FK_ERRHIST_ACTM]
GO
ALTER TABLE [dbo].[ERRHIST] DROP CONSTRAINT [FK_ERRHIST_CSTM]
GO
ALTER TABLE [dbo].[ERRHIST] DROP CONSTRAINT [FK_ERRHIST_EMPM]
GO
ALTER TABLE [dbo].[ERRHIST] DROP CONSTRAINT [FK_ERRHIST_EMPM1]
GO
DROP TABLE [dbo].[ERRHIST]
GO
/****** Object:  Table [dbo].[PKIT]    Script Date: 10/29/2015 01:17:52 ******/
ALTER TABLE [dbo].[PKIT] DROP CONSTRAINT [FK_PKIT_CSTM]
GO
DROP TABLE [dbo].[PKIT]
GO
/****** Object:  Table [dbo].[ACTM]    Script Date: 10/29/2015 01:17:24 ******/
ALTER TABLE [dbo].[ACTM] DROP CONSTRAINT [FK_ACTM_CSTM]
GO
ALTER TABLE [dbo].[ACTM] DROP CONSTRAINT [FK_ACTM_CSTM1]
GO
DROP TABLE [dbo].[ACTM]
GO
/****** Object:  Table [dbo].[CSTM]    Script Date: 10/29/2015 01:17:25 ******/
DROP TABLE [dbo].[CSTM]
GO
/****** Object:  Table [dbo].[EMPM]    Script Date: 10/29/2015 01:17:27 ******/
DROP TABLE [dbo].[EMPM]
GO
/****** Object:  Table [dbo].[TXNM]    Script Date: 10/29/2015 01:18:09 ******/
DROP TABLE [dbo].[TXNM]
GO
/****** Object:  Table [dbo].[ERRM]    Script Date: 10/29/2015 01:17:31 ******/
DROP TABLE [dbo].[ERRM]
GO
/****** Object:  Table [dbo].[ERRM]    Script Date: 10/29/2015 01:17:31 ******/
SET ANSI_NULLS ON
GO
SET QUOTED_IDENTIFIER ON
GO
SET ANSI_PADDING ON
GO
CREATE TABLE [dbo].[ERRM](
	[ERR_ID] [int] IDENTITY(1,1) NOT NULL,
	[ERR_DESC] [varchar](max) NULL,
	[ERR_CODE] [varchar](max) NULL,
 CONSTRAINT [PK_ERRM] PRIMARY KEY CLUSTERED 
(
	[ERR_ID] ASC
)WITH (PAD_INDEX  = OFF, STATISTICS_NORECOMPUTE  = OFF, IGNORE_DUP_KEY = OFF, ALLOW_ROW_LOCKS  = ON, ALLOW_PAGE_LOCKS  = ON) ON [PRIMARY]
) ON [PRIMARY] TEXTIMAGE_ON [PRIMARY]
GO
SET ANSI_PADDING OFF
GO
SET IDENTITY_INSERT [dbo].[ERRM] ON
INSERT [dbo].[ERRM] ([ERR_ID], [ERR_DESC], [ERR_CODE]) VALUES (1, N'DBERR_TXNM_NOFIND', N'999')
INSERT [dbo].[ERRM] ([ERR_ID], [ERR_DESC], [ERR_CODE]) VALUES (2, N'DBERR_ERRM_NOFIND', N'998')
INSERT [dbo].[ERRM] ([ERR_ID], [ERR_DESC], [ERR_CODE]) VALUES (3, N'DBERR_ACTM_NOFIND', N'997')
INSERT [dbo].[ERRM] ([ERR_ID], [ERR_DESC], [ERR_CODE]) VALUES (4, N'DBERR_EMPM_NOFIND', N'996')
INSERT [dbo].[ERRM] ([ERR_ID], [ERR_DESC], [ERR_CODE]) VALUES (5, N'DBERR_ACTM_CUSNO_FETCH', N'995')
INSERT [dbo].[ERRM] ([ERR_ID], [ERR_DESC], [ERR_CODE]) VALUES (6, N'DBERR_PENDTXN_NOWRITE', N'994')
INSERT [dbo].[ERRM] ([ERR_ID], [ERR_DESC], [ERR_CODE]) VALUES (7, N'DBERR_PENDTXN_NOFETCH', N'993')
INSERT [dbo].[ERRM] ([ERR_ID], [ERR_DESC], [ERR_CODE]) VALUES (8, N'DBERR_FAIL_UPDATE_PWD', N'992')
INSERT [dbo].[ERRM] ([ERR_ID], [ERR_DESC], [ERR_CODE]) VALUES (9, N'TXERR_INIT_PVG', N'500')
INSERT [dbo].[ERRM] ([ERR_ID], [ERR_DESC], [ERR_CODE]) VALUES (10, N'TXERR_NO_DEBIT', N'499')
INSERT [dbo].[ERRM] ([ERR_ID], [ERR_DESC], [ERR_CODE]) VALUES (11, N'TXERR_NO_CREDIT', N'498')
INSERT [dbo].[ERRM] ([ERR_ID], [ERR_DESC], [ERR_CODE]) VALUES (12, N'TXERR_NEGATIVE_TRANSFER', N'497')
INSERT [dbo].[ERRM] ([ERR_ID], [ERR_DESC], [ERR_CODE]) VALUES (13, N'TXERR_FMT_CUSFNAME', N'496')
INSERT [dbo].[ERRM] ([ERR_ID], [ERR_DESC], [ERR_CODE]) VALUES (14, N'TXERR_FMT_CUSMNAME', N'495')
INSERT [dbo].[ERRM] ([ERR_ID], [ERR_DESC], [ERR_CODE]) VALUES (15, N'TXERR_FMT_CUSLNAME', N'494')
INSERT [dbo].[ERRM] ([ERR_ID], [ERR_DESC], [ERR_CODE]) VALUES (16, N'TXERR_FMT_CUSADDR1', N'493')
INSERT [dbo].[ERRM] ([ERR_ID], [ERR_DESC], [ERR_CODE]) VALUES (17, N'TXERR_FMT_CUSADDR2', N'492')
INSERT [dbo].[ERRM] ([ERR_ID], [ERR_DESC], [ERR_CODE]) VALUES (18, N'TXERR_FMT_CUSCITY', N'491')
INSERT [dbo].[ERRM] ([ERR_ID], [ERR_DESC], [ERR_CODE]) VALUES (19, N'TXERR_FMT_CUSSTATE', N'490')
INSERT [dbo].[ERRM] ([ERR_ID], [ERR_DESC], [ERR_CODE]) VALUES (20, N'TXERR_FMT_CUSZIP', N'489')
INSERT [dbo].[ERRM] ([ERR_ID], [ERR_DESC], [ERR_CODE]) VALUES (21, N'TXERR_FMT_CUSBRNCH', N'488')
INSERT [dbo].[ERRM] ([ERR_ID], [ERR_DESC], [ERR_CODE]) VALUES (22, N'TXERR_FMT_CUSPHN', N'487')
INSERT [dbo].[ERRM] ([ERR_ID], [ERR_DESC], [ERR_CODE]) VALUES (23, N'TXERR_FMT_CUSEMAIL', N'486')
INSERT [dbo].[ERRM] ([ERR_ID], [ERR_DESC], [ERR_CODE]) VALUES (24, N'TXERR_FMT_CUSUID', N'485')
INSERT [dbo].[ERRM] ([ERR_ID], [ERR_DESC], [ERR_CODE]) VALUES (25, N'TXERR_FMT_CUSSECQ1', N'484')
INSERT [dbo].[ERRM] ([ERR_ID], [ERR_DESC], [ERR_CODE]) VALUES (26, N'TXERR_FMT_CUSANS1', N'483')
INSERT [dbo].[ERRM] ([ERR_ID], [ERR_DESC], [ERR_CODE]) VALUES (27, N'TXERR_FMT_CUSSECQ2', N'482')
INSERT [dbo].[ERRM] ([ERR_ID], [ERR_DESC], [ERR_CODE]) VALUES (28, N'TXERR_FMT_CUSANS2', N'481')
INSERT [dbo].[ERRM] ([ERR_ID], [ERR_DESC], [ERR_CODE]) VALUES (29, N'TXERR_FMT_CUSSECQ3', N'480')
INSERT [dbo].[ERRM] ([ERR_ID], [ERR_DESC], [ERR_CODE]) VALUES (30, N'TXERR_FMT_CUSANS3', N'479')
INSERT [dbo].[ERRM] ([ERR_ID], [ERR_DESC], [ERR_CODE]) VALUES (31, N'TXERR_FMT_CUSNO', N'478')
INSERT [dbo].[ERRM] ([ERR_ID], [ERR_DESC], [ERR_CODE]) VALUES (32, N'TXERR_FMT_CUSTYPE', N'477')
INSERT [dbo].[ERRM] ([ERR_ID], [ERR_DESC], [ERR_CODE]) VALUES (33, N'TXERR_EXISTING_USER', N'476')
INSERT [dbo].[ERRM] ([ERR_ID], [ERR_DESC], [ERR_CODE]) VALUES (34, N'TXERR_INSUFFICIENT_BALANCE', N'475')
INSERT [dbo].[ERRM] ([ERR_ID], [ERR_DESC], [ERR_CODE]) VALUES (35, N'TXERR_NO_USER', N'000')
INSERT [dbo].[ERRM] ([ERR_ID], [ERR_DESC], [ERR_CODE]) VALUES (36, N'DBERR_TXNM_CREATE', N'991')
INSERT [dbo].[ERRM] ([ERR_ID], [ERR_DESC], [ERR_CODE]) VALUES (37, N'DBERR_TXNM_DELETE', N'990')
INSERT [dbo].[ERRM] ([ERR_ID], [ERR_DESC], [ERR_CODE]) VALUES (38, N'DBERR_PENDTXN_DELETE', N'989')
INSERT [dbo].[ERRM] ([ERR_ID], [ERR_DESC], [ERR_CODE]) VALUES (39, N'DBERR_PENDTXN_READ', N'988')
INSERT [dbo].[ERRM] ([ERR_ID], [ERR_DESC], [ERR_CODE]) VALUES (40, N'DBERR_ACTM_CREATE', N'987')
INSERT [dbo].[ERRM] ([ERR_ID], [ERR_DESC], [ERR_CODE]) VALUES (41, NULL, N'')
SET IDENTITY_INSERT [dbo].[ERRM] OFF
/****** Object:  Table [dbo].[TXNM]    Script Date: 10/29/2015 01:18:09 ******/
SET ANSI_NULLS ON
GO
SET QUOTED_IDENTIFIER ON
GO
SET ANSI_PADDING ON
GO
CREATE TABLE [dbo].[TXNM](
	[TRAN_ID] [int] IDENTITY(1,1) NOT NULL,
	[TRAN_DESC] [varchar](max) NULL,
	[TRAN_PVGA] [int] NULL,
	[TRAN_PVGB] [int] NULL,
	[TRAN_FIN_TYPE] [char](1) NOT NULL,
	[TRAN_CODE] [varchar](50) NOT NULL,
 CONSTRAINT [PK_TXNM] PRIMARY KEY CLUSTERED 
(
	[TRAN_ID] ASC
)WITH (PAD_INDEX  = OFF, STATISTICS_NORECOMPUTE  = OFF, IGNORE_DUP_KEY = OFF, ALLOW_ROW_LOCKS  = ON, ALLOW_PAGE_LOCKS  = ON) ON [PRIMARY]
) ON [PRIMARY] TEXTIMAGE_ON [PRIMARY]
GO
SET ANSI_PADDING OFF
GO
SET IDENTITY_INSERT [dbo].[TXNM] ON
INSERT [dbo].[TXNM] ([TRAN_ID], [TRAN_DESC], [TRAN_PVGA], [TRAN_PVGB], [TRAN_FIN_TYPE], [TRAN_CODE]) VALUES (27, N'TX_LOGIN', 1, 1, N'N', N'001')
INSERT [dbo].[TXNM] ([TRAN_ID], [TRAN_DESC], [TRAN_PVGA], [TRAN_PVGB], [TRAN_FIN_TYPE], [TRAN_CODE]) VALUES (28, N'TX_EMP_PENDING', 1, 1, N'N', N'008')
INSERT [dbo].[TXNM] ([TRAN_ID], [TRAN_DESC], [TRAN_PVGA], [TRAN_PVGB], [TRAN_FIN_TYPE], [TRAN_CODE]) VALUES (31, N'Balance Enquiry Bulk', 1, 1, N'N', N'009')
INSERT [dbo].[TXNM] ([TRAN_ID], [TRAN_DESC], [TRAN_PVGA], [TRAN_PVGB], [TRAN_FIN_TYPE], [TRAN_CODE]) VALUES (33, N'Balance Enquiry', 1, 1, N'N', N'010')
INSERT [dbo].[TXNM] ([TRAN_ID], [TRAN_DESC], [TRAN_PVGA], [TRAN_PVGB], [TRAN_FIN_TYPE], [TRAN_CODE]) VALUES (35, N'Account Debited', 1, 1, N'Y', N'011')
INSERT [dbo].[TXNM] ([TRAN_ID], [TRAN_DESC], [TRAN_PVGA], [TRAN_PVGB], [TRAN_FIN_TYPE], [TRAN_CODE]) VALUES (36, N'Account Credited', 1, 1, N'Y', N'012')
INSERT [dbo].[TXNM] ([TRAN_ID], [TRAN_DESC], [TRAN_PVGA], [TRAN_PVGB], [TRAN_FIN_TYPE], [TRAN_CODE]) VALUES (37, N'High Value Credit', 1, 4, N'Y', N'013')
INSERT [dbo].[TXNM] ([TRAN_ID], [TRAN_DESC], [TRAN_PVGA], [TRAN_PVGB], [TRAN_FIN_TYPE], [TRAN_CODE]) VALUES (38, N'Sent for Authorization', 1, 1, N'N', N'014')
INSERT [dbo].[TXNM] ([TRAN_ID], [TRAN_DESC], [TRAN_PVGA], [TRAN_PVGB], [TRAN_FIN_TYPE], [TRAN_CODE]) VALUES (39, N'Transfer Debit', 1, 3, N'Y', N'015')
INSERT [dbo].[TXNM] ([TRAN_ID], [TRAN_DESC], [TRAN_PVGA], [TRAN_PVGB], [TRAN_FIN_TYPE], [TRAN_CODE]) VALUES (40, N'TX_TRANSFER_CREDIT', 1, 1, N'Y', N'016')
INSERT [dbo].[TXNM] ([TRAN_ID], [TRAN_DESC], [TRAN_PVGA], [TRAN_PVGB], [TRAN_FIN_TYPE], [TRAN_CODE]) VALUES (42, N'TX_UPDATE_PROFILE', 1, 1, N'N', N'017')
INSERT [dbo].[TXNM] ([TRAN_ID], [TRAN_DESC], [TRAN_PVGA], [TRAN_PVGB], [TRAN_FIN_TYPE], [TRAN_CODE]) VALUES (43, N'TX_REGISTER_CUSTOMER', 1, 5, N'N', N'018')
INSERT [dbo].[TXNM] ([TRAN_ID], [TRAN_DESC], [TRAN_PVGA], [TRAN_PVGB], [TRAN_FIN_TYPE], [TRAN_CODE]) VALUES (45, N'TX_FETCH_CUSTOMER', 1, 1, N'N', N'019')
INSERT [dbo].[TXNM] ([TRAN_ID], [TRAN_DESC], [TRAN_PVGA], [TRAN_PVGB], [TRAN_FIN_TYPE], [TRAN_CODE]) VALUES (46, N'TX_TRANSFER', 1, 1, N'Y', N'020')
INSERT [dbo].[TXNM] ([TRAN_ID], [TRAN_DESC], [TRAN_PVGA], [TRAN_PVGB], [TRAN_FIN_TYPE], [TRAN_CODE]) VALUES (47, N'TX_EXT_TRANSFER', 1, 1, N'Y', N'021')
INSERT [dbo].[TXNM] ([TRAN_ID], [TRAN_DESC], [TRAN_PVGA], [TRAN_PVGB], [TRAN_FIN_TYPE], [TRAN_CODE]) VALUES (48, N'TX_REGISTER_USER', 1, 1, N'N', N'022')
INSERT [dbo].[TXNM] ([TRAN_ID], [TRAN_DESC], [TRAN_PVGA], [TRAN_PVGB], [TRAN_FIN_TYPE], [TRAN_CODE]) VALUES (49, N'TX_SENT_TO_APPROVER', 1, 1, N'N', N'023')
INSERT [dbo].[TXNM] ([TRAN_ID], [TRAN_DESC], [TRAN_PVGA], [TRAN_PVGB], [TRAN_FIN_TYPE], [TRAN_CODE]) VALUES (50, N'TX_FORGET_PASSWORD', 1, 1, N'N', N'024')
INSERT [dbo].[TXNM] ([TRAN_ID], [TRAN_DESC], [TRAN_PVGA], [TRAN_PVGB], [TRAN_FIN_TYPE], [TRAN_CODE]) VALUES (51, N'TX_CREATE_ACCOUNT', 1, 1, N'N', N'025')
SET IDENTITY_INSERT [dbo].[TXNM] OFF
/****** Object:  Table [dbo].[EMPM]    Script Date: 10/29/2015 01:17:27 ******/
SET ANSI_NULLS ON
GO
SET QUOTED_IDENTIFIER ON
GO
SET ANSI_PADDING ON
GO
CREATE TABLE [dbo].[EMPM](
	[EMP_ID] [int] IDENTITY(1,5000) NOT NULL,
	[EMP_FNAME] [varchar](max) NULL,
	[EMP_MNAME] [varchar](max) NULL,
	[EMP_LNAME] [varchar](max) NULL,
	[EMP_ADDR1] [varchar](max) NULL,
	[EMP_ADDR2] [varchar](max) NULL,
	[EMP_ZIP] [int] NULL,
	[EMP_CITY] [varchar](max) NULL,
	[EMP_STATE] [char](10) NULL,
	[EMP_BRNCH] [varchar](max) NULL,
	[EMP_PHN] [nvarchar](50) NULL,
	[EMP_EMAIL] [varchar](max) NOT NULL,
	[EMP_MNGR] [nchar](10) NULL,
	[EMP_PVG] [int] NULL,
	[EMP_SECQ1] [varchar](max) NULL,
	[EMP_ANS1] [varchar](max) NULL,
	[EMP_SECQ2] [varchar](max) NULL,
	[EMP_ANS2] [varchar](max) NULL,
	[EMP_UNAME] [varchar](max) NOT NULL,
	[EMP_PASS] [varchar](max) NOT NULL,
 CONSTRAINT [PK_EMPM] PRIMARY KEY CLUSTERED 
(
	[EMP_ID] ASC
)WITH (PAD_INDEX  = OFF, STATISTICS_NORECOMPUTE  = OFF, IGNORE_DUP_KEY = OFF, ALLOW_ROW_LOCKS  = ON, ALLOW_PAGE_LOCKS  = ON) ON [PRIMARY]
) ON [PRIMARY] TEXTIMAGE_ON [PRIMARY]
GO
SET ANSI_PADDING OFF
GO
SET IDENTITY_INSERT [dbo].[EMPM] ON
INSERT [dbo].[EMPM] ([EMP_ID], [EMP_FNAME], [EMP_MNAME], [EMP_LNAME], [EMP_ADDR1], [EMP_ADDR2], [EMP_ZIP], [EMP_CITY], [EMP_STATE], [EMP_BRNCH], [EMP_PHN], [EMP_EMAIL], [EMP_MNGR], [EMP_PVG], [EMP_SECQ1], [EMP_ANS1], [EMP_SECQ2], [EMP_ANS2], [EMP_UNAME], [EMP_PASS]) VALUES (1, N'Somnath', N'', N'Sarkar', N'1255', N'E U D', 85281, N'Tempe', N'AZ        ', N'AZ', N'1231231234', N'aj23@asu.edu', N'N         ', 3, N'What', N'this', NULL, NULL, N'ssar', N'3556498')
INSERT [dbo].[EMPM] ([EMP_ID], [EMP_FNAME], [EMP_MNAME], [EMP_LNAME], [EMP_ADDR1], [EMP_ADDR2], [EMP_ZIP], [EMP_CITY], [EMP_STATE], [EMP_BRNCH], [EMP_PHN], [EMP_EMAIL], [EMP_MNGR], [EMP_PVG], [EMP_SECQ1], [EMP_ANS1], [EMP_SECQ2], [EMP_ANS2], [EMP_UNAME], [EMP_PASS]) VALUES (3, N'Manager', NULL, N'Manager', N'test', N'test', 12345, N'test', N'test      ', N'test', N'1231231231', N'aj23@asu.edu', N'Y         ', 4, N'test', N'test', N'test', N'test', N'mana', N'3556498')
INSERT [dbo].[EMPM] ([EMP_ID], [EMP_FNAME], [EMP_MNAME], [EMP_LNAME], [EMP_ADDR1], [EMP_ADDR2], [EMP_ZIP], [EMP_CITY], [EMP_STATE], [EMP_BRNCH], [EMP_PHN], [EMP_EMAIL], [EMP_MNGR], [EMP_PVG], [EMP_SECQ1], [EMP_ANS1], [EMP_SECQ2], [EMP_ANS2], [EMP_UNAME], [EMP_PASS]) VALUES (4, N'Admin', NULL, N'Admin', N'test', N'test', 12345, N'test', N'test      ', N'test', N'1231231211', N'aj23@asu.edu', N'N         ', 5, N'test', N'test', N'test', N'test', N'admi', N'3556498')
INSERT [dbo].[EMPM] ([EMP_ID], [EMP_FNAME], [EMP_MNAME], [EMP_LNAME], [EMP_ADDR1], [EMP_ADDR2], [EMP_ZIP], [EMP_CITY], [EMP_STATE], [EMP_BRNCH], [EMP_PHN], [EMP_EMAIL], [EMP_MNGR], [EMP_PVG], [EMP_SECQ1], [EMP_ANS1], [EMP_SECQ2], [EMP_ANS2], [EMP_UNAME], [EMP_PASS]) VALUES (5004, N'Manager1 ', NULL, N'manager1', N'test', N'test', 12345, N'test', N'test      ', N'test', N'2445353535', N'dgdg@gmail.com', N'Y         ', 4, N'test', N'test', N'test', N'tete', N'manager', N'2445255')
SET IDENTITY_INSERT [dbo].[EMPM] OFF
/****** Object:  Table [dbo].[CSTM]    Script Date: 10/29/2015 01:17:25 ******/
SET ANSI_NULLS ON
GO
SET QUOTED_IDENTIFIER ON
GO
SET ANSI_PADDING ON
GO
CREATE TABLE [dbo].[CSTM](
	[CS_NO] [int] IDENTITY(10000,1) NOT NULL,
	[CS_TYPE] [char](1) NULL,
	[CS_FNAME] [varchar](50) NULL,
	[CS_MNAME] [varchar](max) NULL,
	[CS_LNAME] [varchar](max) NULL,
	[CS_ADDR1] [varchar](max) NULL,
	[CS_ADDR2] [varchar](max) NULL,
	[CS_ZIP] [int] NULL,
	[CS_CITY] [varchar](50) NULL,
	[CS_STATE] [varchar](max) NULL,
	[CS_PHN] [varchar](max) NULL,
	[CS_EMAIL] [varchar](max) NOT NULL,
	[CS_UID] [int] NULL,
	[CS_BRANCH] [varchar](max) NULL,
	[CS_SEC_QS1] [varchar](max) NULL,
	[CS_SEC_ANS1] [varchar](max) NULL,
	[CS_SEC_QS2] [varchar](max) NULL,
	[CS_SEC_ANS2] [varchar](max) NULL,
	[CS_SEC_QS3] [varchar](max) NULL,
	[CS_SEC_ANS3] [varchar](max) NULL,
	[CS_ACCESS] [char](1) NULL,
	[CS_UNAME] [varchar](max) NOT NULL,
	[CS_PASS] [varchar](max) NOT NULL,
	[CS_MERCH] [varchar](max) NULL,
 CONSTRAINT [PK_CSTM] PRIMARY KEY CLUSTERED 
(
	[CS_NO] ASC
)WITH (PAD_INDEX  = OFF, STATISTICS_NORECOMPUTE  = OFF, IGNORE_DUP_KEY = OFF, ALLOW_ROW_LOCKS  = ON, ALLOW_PAGE_LOCKS  = ON) ON [PRIMARY]
) ON [PRIMARY] TEXTIMAGE_ON [PRIMARY]
GO
SET ANSI_PADDING OFF
GO
SET IDENTITY_INSERT [dbo].[CSTM] ON
INSERT [dbo].[CSTM] ([CS_NO], [CS_TYPE], [CS_FNAME], [CS_MNAME], [CS_LNAME], [CS_ADDR1], [CS_ADDR2], [CS_ZIP], [CS_CITY], [CS_STATE], [CS_PHN], [CS_EMAIL], [CS_UID], [CS_BRANCH], [CS_SEC_QS1], [CS_SEC_ANS1], [CS_SEC_QS2], [CS_SEC_ANS2], [CS_SEC_QS3], [CS_SEC_ANS3], [CS_ACCESS], [CS_UNAME], [CS_PASS], [CS_MERCH]) VALUES (1, N'1', N'Abhijit', N'', N'Ray', N'1255', N'QDS', 85281, N'Tempe', N'AZ', N'', N'aray14@asu.edu', 1234, NULL, N' ', N' ', N' ', N' ', N'  ', N' ', NULL, N'aray', N'-1083238428', NULL)
INSERT [dbo].[CSTM] ([CS_NO], [CS_TYPE], [CS_FNAME], [CS_MNAME], [CS_LNAME], [CS_ADDR1], [CS_ADDR2], [CS_ZIP], [CS_CITY], [CS_STATE], [CS_PHN], [CS_EMAIL], [CS_UID], [CS_BRANCH], [CS_SEC_QS1], [CS_SEC_ANS1], [CS_SEC_QS2], [CS_SEC_ANS2], [CS_SEC_QS3], [CS_SEC_ANS3], [CS_ACCESS], [CS_UNAME], [CS_PASS], [CS_MERCH]) VALUES (2, N'2', N'Merchant', N'', N'Merchant', N'1255', N'QDS', 85281, N'Tempe', N'', N'4805220456', N'aj23@asu.edu', 1235, N'', N'what', N'dont know', N'how', N'no idea', N'where ', N'here', N' ', N'merch', N'3556498', NULL)
INSERT [dbo].[CSTM] ([CS_NO], [CS_TYPE], [CS_FNAME], [CS_MNAME], [CS_LNAME], [CS_ADDR1], [CS_ADDR2], [CS_ZIP], [CS_CITY], [CS_STATE], [CS_PHN], [CS_EMAIL], [CS_UID], [CS_BRANCH], [CS_SEC_QS1], [CS_SEC_ANS1], [CS_SEC_QS2], [CS_SEC_ANS2], [CS_SEC_QS3], [CS_SEC_ANS3], [CS_ACCESS], [CS_UNAME], [CS_PASS], [CS_MERCH]) VALUES (10007, N'2', N'Ajith', NULL, N'Vikhe', N'1255', N'QDS', 85281, N'tempe', N'AZ', N'9748378368', N'ahdg@gmail.com', 1244, N'ge', N'gerg', N'ret', N'rwre', N'rw4e', N'rwr', N'wrw', N'r', N'rwr', N'743848998', NULL)
SET IDENTITY_INSERT [dbo].[CSTM] OFF
/****** Object:  Table [dbo].[ACTM]    Script Date: 10/29/2015 01:17:24 ******/
SET ANSI_NULLS ON
GO
SET QUOTED_IDENTIFIER ON
GO
SET ANSI_PADDING ON
GO
CREATE TABLE [dbo].[ACTM](
	[AC_NO] [int] IDENTITY(100000,1) NOT NULL,
	[CS_NO1] [int] NOT NULL,
	[CS_NO2] [int] NULL,
	[AC_TYPE] [nvarchar](max) NOT NULL,
	[AC_BAL] [decimal](12, 2) NULL,
	[AC_HOLD] [decimal](12, 2) NULL,
	[AC_PVG] [int] NULL,
	[AC_DR_FLAG] [char](1) NULL,
	[AC_CR_FLAG] [char](1) NULL,
	[AC_OPEN_DT] [datetime] NULL,
	[AC_ACTIV] [bit] NULL,
 CONSTRAINT [PK_ACTM] PRIMARY KEY CLUSTERED 
(
	[AC_NO] ASC
)WITH (PAD_INDEX  = OFF, STATISTICS_NORECOMPUTE  = OFF, IGNORE_DUP_KEY = OFF, ALLOW_ROW_LOCKS  = ON, ALLOW_PAGE_LOCKS  = ON) ON [PRIMARY]
) ON [PRIMARY] TEXTIMAGE_ON [PRIMARY]
GO
SET ANSI_PADDING OFF
GO
SET IDENTITY_INSERT [dbo].[ACTM] ON
INSERT [dbo].[ACTM] ([AC_NO], [CS_NO1], [CS_NO2], [AC_TYPE], [AC_BAL], [AC_HOLD], [AC_PVG], [AC_DR_FLAG], [AC_CR_FLAG], [AC_OPEN_DT], [AC_ACTIV]) VALUES (1, 1, NULL, N'Checking Account', CAST(1623.00 AS Decimal(12, 2)), CAST(19.00 AS Decimal(12, 2)), 1, N'Y', N'Y', CAST(0x0000A3FF00000000 AS DateTime), 1)
INSERT [dbo].[ACTM] ([AC_NO], [CS_NO1], [CS_NO2], [AC_TYPE], [AC_BAL], [AC_HOLD], [AC_PVG], [AC_DR_FLAG], [AC_CR_FLAG], [AC_OPEN_DT], [AC_ACTIV]) VALUES (2, 1, NULL, N'Saving Account', CAST(5692.00 AS Decimal(12, 2)), CAST(0.00 AS Decimal(12, 2)), 1, N'Y', N'N', CAST(0x0000A3FF00000000 AS DateTime), 1)
INSERT [dbo].[ACTM] ([AC_NO], [CS_NO1], [CS_NO2], [AC_TYPE], [AC_BAL], [AC_HOLD], [AC_PVG], [AC_DR_FLAG], [AC_CR_FLAG], [AC_OPEN_DT], [AC_ACTIV]) VALUES (3, 2, NULL, N'Merchant Account', CAST(120200.00 AS Decimal(12, 2)), CAST(0.00 AS Decimal(12, 2)), 1, N'Y', N'Y', CAST(0x0000A3FF00000000 AS DateTime), 1)
SET IDENTITY_INSERT [dbo].[ACTM] OFF
/****** Object:  Table [dbo].[PKIT]    Script Date: 10/29/2015 01:17:52 ******/
SET ANSI_NULLS ON
GO
SET QUOTED_IDENTIFIER ON
GO
SET ANSI_PADDING ON
GO
CREATE TABLE [dbo].[PKIT](
	[ID] [int] IDENTITY(1,1) NOT NULL,
	[PUBLIC_KEY] [varchar](max) NOT NULL,
	[PRIVATE_KEY] [varchar](max) NOT NULL,
	[CS_NO] [int] NULL,
 CONSTRAINT [PK_PKIT] PRIMARY KEY CLUSTERED 
(
	[ID] ASC
)WITH (PAD_INDEX  = OFF, STATISTICS_NORECOMPUTE  = OFF, IGNORE_DUP_KEY = OFF, ALLOW_ROW_LOCKS  = ON, ALLOW_PAGE_LOCKS  = ON) ON [PRIMARY]
) ON [PRIMARY] TEXTIMAGE_ON [PRIMARY]
GO
SET ANSI_PADDING OFF
GO
/****** Object:  Table [dbo].[ERRHIST]    Script Date: 10/29/2015 01:17:30 ******/
SET ANSI_NULLS ON
GO
SET QUOTED_IDENTIFIER ON
GO
SET ANSI_PADDING ON
GO
CREATE TABLE [dbo].[ERRHIST](
	[REF_NO] [int] IDENTITY(10000,1) NOT NULL,
	[TRAN_DATE] [datetime] NOT NULL,
	[AC_NO] [int] NOT NULL,
	[TRAN_TIMESTAMP] [varchar](max) NULL,
	[TRAN_DESC] [varchar](max) NULL,
	[ERR_DESC] [varchar](max) NULL,
	[INIT_EMPID] [int] NULL,
	[APPRV_EMPID] [int] NULL,
	[INIT_CSNO] [int] NULL,
 CONSTRAINT [PK_ERRHIST_1] PRIMARY KEY CLUSTERED 
(
	[REF_NO] ASC
)WITH (PAD_INDEX  = OFF, STATISTICS_NORECOMPUTE  = OFF, IGNORE_DUP_KEY = OFF, ALLOW_ROW_LOCKS  = ON, ALLOW_PAGE_LOCKS  = ON) ON [PRIMARY]
) ON [PRIMARY] TEXTIMAGE_ON [PRIMARY]
GO
SET ANSI_PADDING OFF
GO
SET IDENTITY_INSERT [dbo].[ERRHIST] ON
INSERT [dbo].[ERRHIST] ([REF_NO], [TRAN_DATE], [AC_NO], [TRAN_TIMESTAMP], [TRAN_DESC], [ERR_DESC], [INIT_EMPID], [APPRV_EMPID], [INIT_CSNO]) VALUES (1, CAST(0x0000A56C00000000 AS DateTime), 1, N'3245', N'Pata Nhi', N'Faltu hai', 1, 1, 1)
SET IDENTITY_INSERT [dbo].[ERRHIST] OFF
/****** Object:  Table [dbo].[PENDTXN]    Script Date: 10/29/2015 01:17:51 ******/
SET ANSI_NULLS ON
GO
SET QUOTED_IDENTIFIER ON
GO
SET ANSI_PADDING ON
GO
CREATE TABLE [dbo].[PENDTXN](
	[REF_NO] [int] IDENTITY(90000,1) NOT NULL,
	[TRAN_DATE] [datetime] NULL,
	[AC_NO] [int] NULL,
	[AC_NO2] [int] NULL,
	[TRAN_PVGB] [int] NULL,
	[INIT_EMPID] [int] NULL,
	[INIT_CSNO] [int] NULL,
	[DR_AMT] [decimal](12, 2) NULL,
	[CR_AMT] [decimal](12, 2) NULL,
	[TRAN_ID] [int] NULL,
	[TRAN_DESC] [varchar](50) NULL,
	[TRAN_DATA] [varchar](max) NULL,
 CONSTRAINT [PK_PENDTXN_1] PRIMARY KEY CLUSTERED 
(
	[REF_NO] ASC
)WITH (PAD_INDEX  = OFF, STATISTICS_NORECOMPUTE  = OFF, IGNORE_DUP_KEY = OFF, ALLOW_ROW_LOCKS  = ON, ALLOW_PAGE_LOCKS  = ON) ON [PRIMARY]
) ON [PRIMARY] TEXTIMAGE_ON [PRIMARY]
GO
SET ANSI_PADDING OFF
GO
SET IDENTITY_INSERT [dbo].[PENDTXN] ON
INSERT [dbo].[PENDTXN] ([REF_NO], [TRAN_DATE], [AC_NO], [AC_NO2], [TRAN_PVGB], [INIT_EMPID], [INIT_CSNO], [DR_AMT], [CR_AMT], [TRAN_ID], [TRAN_DESC], [TRAN_DATA]) VALUES (90001, CAST(0x0000A53D00000000 AS DateTime), 1, NULL, 3, NULL, 1, CAST(0.00 AS Decimal(12, 2)), CAST(100.00 AS Decimal(12, 2)), 15, N'Credit Transaction', NULL)
INSERT [dbo].[PENDTXN] ([REF_NO], [TRAN_DATE], [AC_NO], [AC_NO2], [TRAN_PVGB], [INIT_EMPID], [INIT_CSNO], [DR_AMT], [CR_AMT], [TRAN_ID], [TRAN_DESC], [TRAN_DATA]) VALUES (90002, CAST(0x0000A53D00000000 AS DateTime), 1, NULL, 3, NULL, 1, CAST(0.00 AS Decimal(12, 2)), CAST(1000.00 AS Decimal(12, 2)), 15, N'Credit Transaction', NULL)
INSERT [dbo].[PENDTXN] ([REF_NO], [TRAN_DATE], [AC_NO], [AC_NO2], [TRAN_PVGB], [INIT_EMPID], [INIT_CSNO], [DR_AMT], [CR_AMT], [TRAN_ID], [TRAN_DESC], [TRAN_DATA]) VALUES (90003, CAST(0x0000A53D00000000 AS DateTime), 1, NULL, 3, NULL, 1, CAST(100.00 AS Decimal(12, 2)), CAST(0.00 AS Decimal(12, 2)), 14, N'Debit Transaction', N'011|1| |100')
INSERT [dbo].[PENDTXN] ([REF_NO], [TRAN_DATE], [AC_NO], [AC_NO2], [TRAN_PVGB], [INIT_EMPID], [INIT_CSNO], [DR_AMT], [CR_AMT], [TRAN_ID], [TRAN_DESC], [TRAN_DATA]) VALUES (90009, CAST(0x0000A53E00000000 AS DateTime), 1, NULL, 4, NULL, 1, CAST(0.00 AS Decimal(12, 2)), CAST(1001.00 AS Decimal(12, 2)), 23, N'High Value Credit Transaction', N'013|1| |1001')
SET IDENTITY_INSERT [dbo].[PENDTXN] OFF
/****** Object:  Table [dbo].[NFINHIST]    Script Date: 10/29/2015 01:17:50 ******/
SET ANSI_NULLS ON
GO
SET QUOTED_IDENTIFIER ON
GO
SET ANSI_PADDING ON
GO
CREATE TABLE [dbo].[NFINHIST](
	[REF_NO] [int] IDENTITY(60000,1) NOT NULL,
	[TRAN_DATE] [datetime] NOT NULL,
	[AC_NO] [int] NULL,
	[TRAN_TIMESTAMP] [datetime] NULL,
	[TRAN_DESC] [varchar](max) NULL,
	[INIT_EMPID] [int] NULL,
	[APPRV_EMPID] [int] NULL,
	[INIT_CSNO] [int] NULL,
 CONSTRAINT [PK_NFINHIST_1] PRIMARY KEY CLUSTERED 
(
	[REF_NO] ASC
)WITH (PAD_INDEX  = OFF, STATISTICS_NORECOMPUTE  = OFF, IGNORE_DUP_KEY = OFF, ALLOW_ROW_LOCKS  = ON, ALLOW_PAGE_LOCKS  = ON) ON [PRIMARY]
) ON [PRIMARY] TEXTIMAGE_ON [PRIMARY]
GO
SET ANSI_PADDING OFF
GO
SET IDENTITY_INSERT [dbo].[NFINHIST] ON
INSERT [dbo].[NFINHIST] ([REF_NO], [TRAN_DATE], [AC_NO], [TRAN_TIMESTAMP], [TRAN_DESC], [INIT_EMPID], [APPRV_EMPID], [INIT_CSNO]) VALUES (60003, CAST(0x0000A53D001EDB9C AS DateTime), 1, CAST(0x0000A53D001EDB9C AS DateTime), N'User Login', NULL, NULL, 1)
INSERT [dbo].[NFINHIST] ([REF_NO], [TRAN_DATE], [AC_NO], [TRAN_TIMESTAMP], [TRAN_DESC], [INIT_EMPID], [APPRV_EMPID], [INIT_CSNO]) VALUES (60004, CAST(0x0000A53D001F845C AS DateTime), 1, CAST(0x0000A53D001F845C AS DateTime), N'User Login', NULL, NULL, 1)
INSERT [dbo].[NFINHIST] ([REF_NO], [TRAN_DATE], [AC_NO], [TRAN_TIMESTAMP], [TRAN_DESC], [INIT_EMPID], [APPRV_EMPID], [INIT_CSNO]) VALUES (60005, CAST(0x0000A53D001FE5A0 AS DateTime), 1, CAST(0x0000A53D001FE5A0 AS DateTime), N'User Login', NULL, NULL, 1)
INSERT [dbo].[NFINHIST] ([REF_NO], [TRAN_DATE], [AC_NO], [TRAN_TIMESTAMP], [TRAN_DESC], [INIT_EMPID], [APPRV_EMPID], [INIT_CSNO]) VALUES (60006, CAST(0x0000A53D00276654 AS DateTime), 1, CAST(0x0000A53D00276654 AS DateTime), N'User Login', NULL, NULL, 1)
INSERT [dbo].[NFINHIST] ([REF_NO], [TRAN_DATE], [AC_NO], [TRAN_TIMESTAMP], [TRAN_DESC], [INIT_EMPID], [APPRV_EMPID], [INIT_CSNO]) VALUES (60007, CAST(0x0000A53D0027F54C AS DateTime), 1, CAST(0x0000A53D0027F54C AS DateTime), N'User Login', NULL, NULL, 1)
INSERT [dbo].[NFINHIST] ([REF_NO], [TRAN_DATE], [AC_NO], [TRAN_TIMESTAMP], [TRAN_DESC], [INIT_EMPID], [APPRV_EMPID], [INIT_CSNO]) VALUES (60008, CAST(0x0000A53D00281D24 AS DateTime), 1, CAST(0x0000A53D00281D24 AS DateTime), N'User Login', NULL, NULL, 1)
INSERT [dbo].[NFINHIST] ([REF_NO], [TRAN_DATE], [AC_NO], [TRAN_TIMESTAMP], [TRAN_DESC], [INIT_EMPID], [APPRV_EMPID], [INIT_CSNO]) VALUES (60009, CAST(0x0000A53D002E04DC AS DateTime), 1, CAST(0x0000A53D002E04DC AS DateTime), N'User Login', NULL, NULL, 1)
INSERT [dbo].[NFINHIST] ([REF_NO], [TRAN_DATE], [AC_NO], [TRAN_TIMESTAMP], [TRAN_DESC], [INIT_EMPID], [APPRV_EMPID], [INIT_CSNO]) VALUES (60010, CAST(0x0000A53D003801E4 AS DateTime), 1, CAST(0x0000A53D003801E4 AS DateTime), N'User Login', NULL, NULL, 1)
INSERT [dbo].[NFINHIST] ([REF_NO], [TRAN_DATE], [AC_NO], [TRAN_TIMESTAMP], [TRAN_DESC], [INIT_EMPID], [APPRV_EMPID], [INIT_CSNO]) VALUES (60011, CAST(0x0000A53D0038B530 AS DateTime), 1, CAST(0x0000A53D0038B530 AS DateTime), N'User Login', NULL, NULL, 1)
INSERT [dbo].[NFINHIST] ([REF_NO], [TRAN_DATE], [AC_NO], [TRAN_TIMESTAMP], [TRAN_DESC], [INIT_EMPID], [APPRV_EMPID], [INIT_CSNO]) VALUES (60012, CAST(0x0000A53D0038E794 AS DateTime), 1, CAST(0x0000A53D0038E794 AS DateTime), N'User Login', NULL, NULL, 1)
INSERT [dbo].[NFINHIST] ([REF_NO], [TRAN_DATE], [AC_NO], [TRAN_TIMESTAMP], [TRAN_DESC], [INIT_EMPID], [APPRV_EMPID], [INIT_CSNO]) VALUES (60013, CAST(0x0000A53D003CA17C AS DateTime), NULL, CAST(0x0000A53D003CA17C AS DateTime), N'User Login', NULL, NULL, 1)
INSERT [dbo].[NFINHIST] ([REF_NO], [TRAN_DATE], [AC_NO], [TRAN_TIMESTAMP], [TRAN_DESC], [INIT_EMPID], [APPRV_EMPID], [INIT_CSNO]) VALUES (60014, CAST(0x0000A53D00CD3020 AS DateTime), 1, CAST(0x0000A53D00CD3020 AS DateTime), N'User Login', NULL, NULL, 1)
INSERT [dbo].[NFINHIST] ([REF_NO], [TRAN_DATE], [AC_NO], [TRAN_TIMESTAMP], [TRAN_DESC], [INIT_EMPID], [APPRV_EMPID], [INIT_CSNO]) VALUES (60015, CAST(0x0000A53D00CEAE28 AS DateTime), NULL, CAST(0x0000A53D00CEAE28 AS DateTime), N'User Login', NULL, NULL, 1)
INSERT [dbo].[NFINHIST] ([REF_NO], [TRAN_DATE], [AC_NO], [TRAN_TIMESTAMP], [TRAN_DESC], [INIT_EMPID], [APPRV_EMPID], [INIT_CSNO]) VALUES (60016, CAST(0x0000A53D00CECEF8 AS DateTime), 1, CAST(0x0000A53D00CECEF8 AS DateTime), N'User Login', NULL, NULL, 1)
INSERT [dbo].[NFINHIST] ([REF_NO], [TRAN_DATE], [AC_NO], [TRAN_TIMESTAMP], [TRAN_DESC], [INIT_EMPID], [APPRV_EMPID], [INIT_CSNO]) VALUES (60017, CAST(0x0000A53D00D051B0 AS DateTime), 1, CAST(0x0000A53D00D051B0 AS DateTime), N'User Login', NULL, NULL, 1)
INSERT [dbo].[NFINHIST] ([REF_NO], [TRAN_DATE], [AC_NO], [TRAN_TIMESTAMP], [TRAN_DESC], [INIT_EMPID], [APPRV_EMPID], [INIT_CSNO]) VALUES (60018, CAST(0x0000A53D00D08D74 AS DateTime), NULL, CAST(0x0000A53D00D08D74 AS DateTime), N'User Login', NULL, NULL, 1)
INSERT [dbo].[NFINHIST] ([REF_NO], [TRAN_DATE], [AC_NO], [TRAN_TIMESTAMP], [TRAN_DESC], [INIT_EMPID], [APPRV_EMPID], [INIT_CSNO]) VALUES (60019, CAST(0x0000A53D00D0DACC AS DateTime), NULL, CAST(0x0000A53D00D0DACC AS DateTime), N'User Login', NULL, NULL, 1)
INSERT [dbo].[NFINHIST] ([REF_NO], [TRAN_DATE], [AC_NO], [TRAN_TIMESTAMP], [TRAN_DESC], [INIT_EMPID], [APPRV_EMPID], [INIT_CSNO]) VALUES (60020, CAST(0x0000A53D00D3296C AS DateTime), NULL, CAST(0x0000A53D00D3296C AS DateTime), N'User Login', NULL, NULL, 1)
INSERT [dbo].[NFINHIST] ([REF_NO], [TRAN_DATE], [AC_NO], [TRAN_TIMESTAMP], [TRAN_DESC], [INIT_EMPID], [APPRV_EMPID], [INIT_CSNO]) VALUES (60021, CAST(0x0000A53D00D331A0 AS DateTime), NULL, CAST(0x0000A53D00D331A0 AS DateTime), N'User Login', NULL, NULL, 1)
INSERT [dbo].[NFINHIST] ([REF_NO], [TRAN_DATE], [AC_NO], [TRAN_TIMESTAMP], [TRAN_DESC], [INIT_EMPID], [APPRV_EMPID], [INIT_CSNO]) VALUES (60022, CAST(0x0000A53D00D347E4 AS DateTime), 1, CAST(0x0000A53D00D347E4 AS DateTime), N'User Login', NULL, NULL, 1)
INSERT [dbo].[NFINHIST] ([REF_NO], [TRAN_DATE], [AC_NO], [TRAN_TIMESTAMP], [TRAN_DESC], [INIT_EMPID], [APPRV_EMPID], [INIT_CSNO]) VALUES (60023, CAST(0x0000A53D00D7CB5C AS DateTime), 1, CAST(0x0000A53D00D7CB5C AS DateTime), N'User Login', NULL, NULL, 1)
INSERT [dbo].[NFINHIST] ([REF_NO], [TRAN_DATE], [AC_NO], [TRAN_TIMESTAMP], [TRAN_DESC], [INIT_EMPID], [APPRV_EMPID], [INIT_CSNO]) VALUES (60024, CAST(0x0000A53D00D7E650 AS DateTime), NULL, CAST(0x0000A53D00D7E650 AS DateTime), N'User Login', NULL, NULL, 1)
INSERT [dbo].[NFINHIST] ([REF_NO], [TRAN_DATE], [AC_NO], [TRAN_TIMESTAMP], [TRAN_DESC], [INIT_EMPID], [APPRV_EMPID], [INIT_CSNO]) VALUES (60025, CAST(0x0000A53D00D85CAC AS DateTime), NULL, CAST(0x0000A53D00D85CAC AS DateTime), N'User Login', NULL, NULL, 2)
INSERT [dbo].[NFINHIST] ([REF_NO], [TRAN_DATE], [AC_NO], [TRAN_TIMESTAMP], [TRAN_DESC], [INIT_EMPID], [APPRV_EMPID], [INIT_CSNO]) VALUES (60026, CAST(0x0000A53D00D8B238 AS DateTime), NULL, CAST(0x0000A53D00D8B238 AS DateTime), N'User Login', NULL, NULL, 1)
INSERT [dbo].[NFINHIST] ([REF_NO], [TRAN_DATE], [AC_NO], [TRAN_TIMESTAMP], [TRAN_DESC], [INIT_EMPID], [APPRV_EMPID], [INIT_CSNO]) VALUES (60027, CAST(0x0000A53D00E6B0A4 AS DateTime), NULL, CAST(0x0000A53D00E6B0A4 AS DateTime), N'User Login', NULL, NULL, 1)
INSERT [dbo].[NFINHIST] ([REF_NO], [TRAN_DATE], [AC_NO], [TRAN_TIMESTAMP], [TRAN_DESC], [INIT_EMPID], [APPRV_EMPID], [INIT_CSNO]) VALUES (60028, CAST(0x0000A53D00E81D18 AS DateTime), NULL, CAST(0x0000A53D00E81D18 AS DateTime), N'User Login', NULL, NULL, 1)
INSERT [dbo].[NFINHIST] ([REF_NO], [TRAN_DATE], [AC_NO], [TRAN_TIMESTAMP], [TRAN_DESC], [INIT_EMPID], [APPRV_EMPID], [INIT_CSNO]) VALUES (60029, CAST(0x0000A53D00E83B90 AS DateTime), 1, CAST(0x0000A53D00E83B90 AS DateTime), N'User Login', NULL, NULL, 1)
INSERT [dbo].[NFINHIST] ([REF_NO], [TRAN_DATE], [AC_NO], [TRAN_TIMESTAMP], [TRAN_DESC], [INIT_EMPID], [APPRV_EMPID], [INIT_CSNO]) VALUES (60030, CAST(0x0000A53D00E89248 AS DateTime), 1, CAST(0x0000A53D00E89248 AS DateTime), N'User Login', NULL, NULL, 1)
INSERT [dbo].[NFINHIST] ([REF_NO], [TRAN_DATE], [AC_NO], [TRAN_TIMESTAMP], [TRAN_DESC], [INIT_EMPID], [APPRV_EMPID], [INIT_CSNO]) VALUES (60031, CAST(0x0000A53D010197C0 AS DateTime), NULL, CAST(0x0000A53D010197C0 AS DateTime), N'User Login', NULL, NULL, 1)
INSERT [dbo].[NFINHIST] ([REF_NO], [TRAN_DATE], [AC_NO], [TRAN_TIMESTAMP], [TRAN_DESC], [INIT_EMPID], [APPRV_EMPID], [INIT_CSNO]) VALUES (60032, CAST(0x0000A53D0101B3E0 AS DateTime), NULL, CAST(0x0000A53D0101B3E0 AS DateTime), N'User Login', NULL, NULL, 1)
INSERT [dbo].[NFINHIST] ([REF_NO], [TRAN_DATE], [AC_NO], [TRAN_TIMESTAMP], [TRAN_DESC], [INIT_EMPID], [APPRV_EMPID], [INIT_CSNO]) VALUES (60033, CAST(0x0000A53D01047A08 AS DateTime), NULL, CAST(0x0000A53D01047A08 AS DateTime), N'User Login', NULL, NULL, 1)
INSERT [dbo].[NFINHIST] ([REF_NO], [TRAN_DATE], [AC_NO], [TRAN_TIMESTAMP], [TRAN_DESC], [INIT_EMPID], [APPRV_EMPID], [INIT_CSNO]) VALUES (60034, CAST(0x0000A53D0104CAE4 AS DateTime), NULL, CAST(0x0000A53D0104CAE4 AS DateTime), N'User Login', NULL, NULL, 1)
INSERT [dbo].[NFINHIST] ([REF_NO], [TRAN_DATE], [AC_NO], [TRAN_TIMESTAMP], [TRAN_DESC], [INIT_EMPID], [APPRV_EMPID], [INIT_CSNO]) VALUES (60035, CAST(0x0000A53D0104ECE0 AS DateTime), NULL, CAST(0x0000A53D0104ECE0 AS DateTime), N'User Login', NULL, NULL, 1)
INSERT [dbo].[NFINHIST] ([REF_NO], [TRAN_DATE], [AC_NO], [TRAN_TIMESTAMP], [TRAN_DESC], [INIT_EMPID], [APPRV_EMPID], [INIT_CSNO]) VALUES (60036, CAST(0x0000A53D0105A860 AS DateTime), NULL, CAST(0x0000A53D0105A860 AS DateTime), N'User Login', NULL, NULL, 1)
INSERT [dbo].[NFINHIST] ([REF_NO], [TRAN_DATE], [AC_NO], [TRAN_TIMESTAMP], [TRAN_DESC], [INIT_EMPID], [APPRV_EMPID], [INIT_CSNO]) VALUES (60037, CAST(0x0000A53D010F6E54 AS DateTime), NULL, CAST(0x0000A53D010F6E54 AS DateTime), N'User Login', NULL, NULL, 1)
INSERT [dbo].[NFINHIST] ([REF_NO], [TRAN_DATE], [AC_NO], [TRAN_TIMESTAMP], [TRAN_DESC], [INIT_EMPID], [APPRV_EMPID], [INIT_CSNO]) VALUES (60038, CAST(0x0000A53D010F9E60 AS DateTime), 1, CAST(0x0000A53D010F9E60 AS DateTime), N'User Login', NULL, NULL, 1)
INSERT [dbo].[NFINHIST] ([REF_NO], [TRAN_DATE], [AC_NO], [TRAN_TIMESTAMP], [TRAN_DESC], [INIT_EMPID], [APPRV_EMPID], [INIT_CSNO]) VALUES (60040, CAST(0x0000A53D010FDB50 AS DateTime), NULL, CAST(0x0000A53D010FDB50 AS DateTime), N'User Login', NULL, NULL, 2)
INSERT [dbo].[NFINHIST] ([REF_NO], [TRAN_DATE], [AC_NO], [TRAN_TIMESTAMP], [TRAN_DESC], [INIT_EMPID], [APPRV_EMPID], [INIT_CSNO]) VALUES (60041, CAST(0x0000A53D012401E8 AS DateTime), NULL, CAST(0x0000A53D012401E8 AS DateTime), N'User Login', NULL, NULL, 1)
INSERT [dbo].[NFINHIST] ([REF_NO], [TRAN_DATE], [AC_NO], [TRAN_TIMESTAMP], [TRAN_DESC], [INIT_EMPID], [APPRV_EMPID], [INIT_CSNO]) VALUES (60044, CAST(0x0000A53D012C3840 AS DateTime), NULL, CAST(0x0000A53D012C3840 AS DateTime), N'User Login', NULL, NULL, 1)
INSERT [dbo].[NFINHIST] ([REF_NO], [TRAN_DATE], [AC_NO], [TRAN_TIMESTAMP], [TRAN_DESC], [INIT_EMPID], [APPRV_EMPID], [INIT_CSNO]) VALUES (60045, CAST(0x0000A53D0130C9C8 AS DateTime), NULL, CAST(0x0000A53D0130C9C8 AS DateTime), N'User Login', NULL, NULL, 1)
INSERT [dbo].[NFINHIST] ([REF_NO], [TRAN_DATE], [AC_NO], [TRAN_TIMESTAMP], [TRAN_DESC], [INIT_EMPID], [APPRV_EMPID], [INIT_CSNO]) VALUES (60046, CAST(0x0000A53D0130F3F8 AS DateTime), 1, CAST(0x0000A53D0130F3F8 AS DateTime), N'User Login', NULL, NULL, 1)
INSERT [dbo].[NFINHIST] ([REF_NO], [TRAN_DATE], [AC_NO], [TRAN_TIMESTAMP], [TRAN_DESC], [INIT_EMPID], [APPRV_EMPID], [INIT_CSNO]) VALUES (60047, CAST(0x0000A53D01314F60 AS DateTime), NULL, CAST(0x0000A53D01314F60 AS DateTime), N'User Login', NULL, NULL, 2)
INSERT [dbo].[NFINHIST] ([REF_NO], [TRAN_DATE], [AC_NO], [TRAN_TIMESTAMP], [TRAN_DESC], [INIT_EMPID], [APPRV_EMPID], [INIT_CSNO]) VALUES (60048, CAST(0x0000A53D0131C364 AS DateTime), 1, CAST(0x0000A53D0131C364 AS DateTime), N'User Login', NULL, NULL, 1)
INSERT [dbo].[NFINHIST] ([REF_NO], [TRAN_DATE], [AC_NO], [TRAN_TIMESTAMP], [TRAN_DESC], [INIT_EMPID], [APPRV_EMPID], [INIT_CSNO]) VALUES (60049, CAST(0x0000A53D01366C5C AS DateTime), NULL, CAST(0x0000A53D01366C5C AS DateTime), N'User Login', NULL, NULL, 1)
INSERT [dbo].[NFINHIST] ([REF_NO], [TRAN_DATE], [AC_NO], [TRAN_TIMESTAMP], [TRAN_DESC], [INIT_EMPID], [APPRV_EMPID], [INIT_CSNO]) VALUES (60050, CAST(0x0000A53D0136A118 AS DateTime), NULL, CAST(0x0000A53D0136A118 AS DateTime), N'User Login', NULL, NULL, 1)
INSERT [dbo].[NFINHIST] ([REF_NO], [TRAN_DATE], [AC_NO], [TRAN_TIMESTAMP], [TRAN_DESC], [INIT_EMPID], [APPRV_EMPID], [INIT_CSNO]) VALUES (60051, CAST(0x0000A53D0136ADFC AS DateTime), 1, CAST(0x0000A53D0136ADFC AS DateTime), N'User Login', NULL, NULL, 1)
INSERT [dbo].[NFINHIST] ([REF_NO], [TRAN_DATE], [AC_NO], [TRAN_TIMESTAMP], [TRAN_DESC], [INIT_EMPID], [APPRV_EMPID], [INIT_CSNO]) VALUES (60052, CAST(0x0000A53D0136EE70 AS DateTime), 1, CAST(0x0000A53D0136EE70 AS DateTime), N'User Login', NULL, NULL, 1)
INSERT [dbo].[NFINHIST] ([REF_NO], [TRAN_DATE], [AC_NO], [TRAN_TIMESTAMP], [TRAN_DESC], [INIT_EMPID], [APPRV_EMPID], [INIT_CSNO]) VALUES (60053, CAST(0x0000A53D013F8864 AS DateTime), NULL, CAST(0x0000A53D013F8864 AS DateTime), N'User Login', NULL, NULL, 1)
INSERT [dbo].[NFINHIST] ([REF_NO], [TRAN_DATE], [AC_NO], [TRAN_TIMESTAMP], [TRAN_DESC], [INIT_EMPID], [APPRV_EMPID], [INIT_CSNO]) VALUES (60054, CAST(0x0000A53D014353E0 AS DateTime), NULL, CAST(0x0000A53D014353E0 AS DateTime), N'User Login', NULL, NULL, 1)
INSERT [dbo].[NFINHIST] ([REF_NO], [TRAN_DATE], [AC_NO], [TRAN_TIMESTAMP], [TRAN_DESC], [INIT_EMPID], [APPRV_EMPID], [INIT_CSNO]) VALUES (60055, CAST(0x0000A53D01438D4C AS DateTime), 1, CAST(0x0000A53D01438D4C AS DateTime), N'User Login', NULL, NULL, 1)
INSERT [dbo].[NFINHIST] ([REF_NO], [TRAN_DATE], [AC_NO], [TRAN_TIMESTAMP], [TRAN_DESC], [INIT_EMPID], [APPRV_EMPID], [INIT_CSNO]) VALUES (60056, CAST(0x0000A53D01542A08 AS DateTime), 1, CAST(0x0000A53D01542A08 AS DateTime), N'User Login', NULL, NULL, 1)
INSERT [dbo].[NFINHIST] ([REF_NO], [TRAN_DATE], [AC_NO], [TRAN_TIMESTAMP], [TRAN_DESC], [INIT_EMPID], [APPRV_EMPID], [INIT_CSNO]) VALUES (60057, CAST(0x0000A53D01544C04 AS DateTime), 1, CAST(0x0000A53D01544C04 AS DateTime), N'User Login', NULL, NULL, 1)
INSERT [dbo].[NFINHIST] ([REF_NO], [TRAN_DATE], [AC_NO], [TRAN_TIMESTAMP], [TRAN_DESC], [INIT_EMPID], [APPRV_EMPID], [INIT_CSNO]) VALUES (60058, CAST(0x0000A53D01547760 AS DateTime), 1, CAST(0x0000A53D01547760 AS DateTime), N'User Login', NULL, NULL, 1)
INSERT [dbo].[NFINHIST] ([REF_NO], [TRAN_DATE], [AC_NO], [TRAN_TIMESTAMP], [TRAN_DESC], [INIT_EMPID], [APPRV_EMPID], [INIT_CSNO]) VALUES (60059, CAST(0x0000A53D01549830 AS DateTime), 1, CAST(0x0000A53D01549830 AS DateTime), N'User Login', NULL, NULL, 1)
INSERT [dbo].[NFINHIST] ([REF_NO], [TRAN_DATE], [AC_NO], [TRAN_TIMESTAMP], [TRAN_DESC], [INIT_EMPID], [APPRV_EMPID], [INIT_CSNO]) VALUES (60060, CAST(0x0000A53D0154B7D4 AS DateTime), 1, CAST(0x0000A53D0154B7D4 AS DateTime), N'User Login', NULL, NULL, 1)
INSERT [dbo].[NFINHIST] ([REF_NO], [TRAN_DATE], [AC_NO], [TRAN_TIMESTAMP], [TRAN_DESC], [INIT_EMPID], [APPRV_EMPID], [INIT_CSNO]) VALUES (60061, CAST(0x0000A53D015524D0 AS DateTime), 1, CAST(0x0000A53D015524D0 AS DateTime), N'User Login', NULL, NULL, 1)
INSERT [dbo].[NFINHIST] ([REF_NO], [TRAN_DATE], [AC_NO], [TRAN_TIMESTAMP], [TRAN_DESC], [INIT_EMPID], [APPRV_EMPID], [INIT_CSNO]) VALUES (60062, CAST(0x0000A53D01556FD0 AS DateTime), 1, CAST(0x0000A53D01556FD0 AS DateTime), N'User Login', NULL, NULL, 1)
INSERT [dbo].[NFINHIST] ([REF_NO], [TRAN_DATE], [AC_NO], [TRAN_TIMESTAMP], [TRAN_DESC], [INIT_EMPID], [APPRV_EMPID], [INIT_CSNO]) VALUES (60063, CAST(0x0000A53D015730A4 AS DateTime), 1, CAST(0x0000A53D015730A4 AS DateTime), N'User Login', NULL, NULL, 1)
INSERT [dbo].[NFINHIST] ([REF_NO], [TRAN_DATE], [AC_NO], [TRAN_TIMESTAMP], [TRAN_DESC], [INIT_EMPID], [APPRV_EMPID], [INIT_CSNO]) VALUES (60064, CAST(0x0000A53D0158973C AS DateTime), 1, CAST(0x0000A53D0158973C AS DateTime), N'User Login', NULL, NULL, 1)
INSERT [dbo].[NFINHIST] ([REF_NO], [TRAN_DATE], [AC_NO], [TRAN_TIMESTAMP], [TRAN_DESC], [INIT_EMPID], [APPRV_EMPID], [INIT_CSNO]) VALUES (60065, CAST(0x0000A53D016038C0 AS DateTime), NULL, CAST(0x0000A53D016038C0 AS DateTime), N'User Login', NULL, NULL, 1)
INSERT [dbo].[NFINHIST] ([REF_NO], [TRAN_DATE], [AC_NO], [TRAN_TIMESTAMP], [TRAN_DESC], [INIT_EMPID], [APPRV_EMPID], [INIT_CSNO]) VALUES (60066, CAST(0x0000A53D01607DE4 AS DateTime), NULL, CAST(0x0000A53D01607DE4 AS DateTime), N'User Login', NULL, NULL, 1)
INSERT [dbo].[NFINHIST] ([REF_NO], [TRAN_DATE], [AC_NO], [TRAN_TIMESTAMP], [TRAN_DESC], [INIT_EMPID], [APPRV_EMPID], [INIT_CSNO]) VALUES (60067, CAST(0x0000A53D0161118C AS DateTime), NULL, CAST(0x0000A53D0161118C AS DateTime), N'User Login', NULL, NULL, 1)
INSERT [dbo].[NFINHIST] ([REF_NO], [TRAN_DATE], [AC_NO], [TRAN_TIMESTAMP], [TRAN_DESC], [INIT_EMPID], [APPRV_EMPID], [INIT_CSNO]) VALUES (60068, CAST(0x0000A53D01618590 AS DateTime), NULL, CAST(0x0000A53D01618590 AS DateTime), N'User Login', NULL, NULL, 1)
INSERT [dbo].[NFINHIST] ([REF_NO], [TRAN_DATE], [AC_NO], [TRAN_TIMESTAMP], [TRAN_DESC], [INIT_EMPID], [APPRV_EMPID], [INIT_CSNO]) VALUES (60069, CAST(0x0000A53D01637B20 AS DateTime), NULL, CAST(0x0000A53D01637B20 AS DateTime), N'User Login', NULL, NULL, 1)
INSERT [dbo].[NFINHIST] ([REF_NO], [TRAN_DATE], [AC_NO], [TRAN_TIMESTAMP], [TRAN_DESC], [INIT_EMPID], [APPRV_EMPID], [INIT_CSNO]) VALUES (60070, CAST(0x0000A53D016460D0 AS DateTime), NULL, CAST(0x0000A53D016460D0 AS DateTime), N'User Login', NULL, NULL, 1)
INSERT [dbo].[NFINHIST] ([REF_NO], [TRAN_DATE], [AC_NO], [TRAN_TIMESTAMP], [TRAN_DESC], [INIT_EMPID], [APPRV_EMPID], [INIT_CSNO]) VALUES (60071, CAST(0x0000A53D0164B788 AS DateTime), NULL, CAST(0x0000A53D0164B788 AS DateTime), N'User Login', NULL, NULL, 1)
INSERT [dbo].[NFINHIST] ([REF_NO], [TRAN_DATE], [AC_NO], [TRAN_TIMESTAMP], [TRAN_DESC], [INIT_EMPID], [APPRV_EMPID], [INIT_CSNO]) VALUES (60072, CAST(0x0000A53D01654C5C AS DateTime), NULL, CAST(0x0000A53D01654C5C AS DateTime), N'User Login', NULL, NULL, 1)
INSERT [dbo].[NFINHIST] ([REF_NO], [TRAN_DATE], [AC_NO], [TRAN_TIMESTAMP], [TRAN_DESC], [INIT_EMPID], [APPRV_EMPID], [INIT_CSNO]) VALUES (60073, CAST(0x0000A53D0165E25C AS DateTime), NULL, CAST(0x0000A53D0165E25C AS DateTime), N'User Login', NULL, NULL, 1)
INSERT [dbo].[NFINHIST] ([REF_NO], [TRAN_DATE], [AC_NO], [TRAN_TIMESTAMP], [TRAN_DESC], [INIT_EMPID], [APPRV_EMPID], [INIT_CSNO]) VALUES (60074, CAST(0x0000A53D016645F8 AS DateTime), 1, CAST(0x0000A53D016645F8 AS DateTime), N'Update Customer Profile', NULL, NULL, 1)
INSERT [dbo].[NFINHIST] ([REF_NO], [TRAN_DATE], [AC_NO], [TRAN_TIMESTAMP], [TRAN_DESC], [INIT_EMPID], [APPRV_EMPID], [INIT_CSNO]) VALUES (60075, CAST(0x0000A53D0167D33C AS DateTime), NULL, CAST(0x0000A53D0167D33C AS DateTime), N'User Login', NULL, NULL, 1)
INSERT [dbo].[NFINHIST] ([REF_NO], [TRAN_DATE], [AC_NO], [TRAN_TIMESTAMP], [TRAN_DESC], [INIT_EMPID], [APPRV_EMPID], [INIT_CSNO]) VALUES (60076, CAST(0x0000A53D01693B00 AS DateTime), NULL, CAST(0x0000A53D01693B00 AS DateTime), N'User Login', NULL, NULL, 1)
INSERT [dbo].[NFINHIST] ([REF_NO], [TRAN_DATE], [AC_NO], [TRAN_TIMESTAMP], [TRAN_DESC], [INIT_EMPID], [APPRV_EMPID], [INIT_CSNO]) VALUES (60077, CAST(0x0000A53D016946B8 AS DateTime), 1, CAST(0x0000A53D016946B8 AS DateTime), N'Update Customer Profile', NULL, NULL, 1)
INSERT [dbo].[NFINHIST] ([REF_NO], [TRAN_DATE], [AC_NO], [TRAN_TIMESTAMP], [TRAN_DESC], [INIT_EMPID], [APPRV_EMPID], [INIT_CSNO]) VALUES (60078, CAST(0x0000A53D0169539C AS DateTime), 1, CAST(0x0000A53D0169539C AS DateTime), N'Update Customer Profile', NULL, NULL, 1)
INSERT [dbo].[NFINHIST] ([REF_NO], [TRAN_DATE], [AC_NO], [TRAN_TIMESTAMP], [TRAN_DESC], [INIT_EMPID], [APPRV_EMPID], [INIT_CSNO]) VALUES (60079, CAST(0x0000A53D0169A7FC AS DateTime), NULL, CAST(0x0000A53D0169A7FC AS DateTime), N'User Login', NULL, NULL, 1)
INSERT [dbo].[NFINHIST] ([REF_NO], [TRAN_DATE], [AC_NO], [TRAN_TIMESTAMP], [TRAN_DESC], [INIT_EMPID], [APPRV_EMPID], [INIT_CSNO]) VALUES (60080, CAST(0x0000A53D0169CC50 AS DateTime), 1, CAST(0x0000A53D0169CC50 AS DateTime), N'Update Customer Profile', NULL, NULL, 1)
INSERT [dbo].[NFINHIST] ([REF_NO], [TRAN_DATE], [AC_NO], [TRAN_TIMESTAMP], [TRAN_DESC], [INIT_EMPID], [APPRV_EMPID], [INIT_CSNO]) VALUES (60081, CAST(0x0000A53D0169D358 AS DateTime), 1, CAST(0x0000A53D0169D358 AS DateTime), N'Update Customer Profile', NULL, NULL, 1)
INSERT [dbo].[NFINHIST] ([REF_NO], [TRAN_DATE], [AC_NO], [TRAN_TIMESTAMP], [TRAN_DESC], [INIT_EMPID], [APPRV_EMPID], [INIT_CSNO]) VALUES (60082, CAST(0x0000A53D016A0490 AS DateTime), 1, CAST(0x0000A53D016A0490 AS DateTime), N'Update Customer Profile', NULL, NULL, 1)
INSERT [dbo].[NFINHIST] ([REF_NO], [TRAN_DATE], [AC_NO], [TRAN_TIMESTAMP], [TRAN_DESC], [INIT_EMPID], [APPRV_EMPID], [INIT_CSNO]) VALUES (60083, CAST(0x0000A53D016A4E64 AS DateTime), NULL, CAST(0x0000A53D016A4E64 AS DateTime), N'User Login', NULL, NULL, 1)
INSERT [dbo].[NFINHIST] ([REF_NO], [TRAN_DATE], [AC_NO], [TRAN_TIMESTAMP], [TRAN_DESC], [INIT_EMPID], [APPRV_EMPID], [INIT_CSNO]) VALUES (60084, CAST(0x0000A53D016A5C74 AS DateTime), 1, CAST(0x0000A53D016A5C74 AS DateTime), N'Update Customer Profile', NULL, NULL, 1)
INSERT [dbo].[NFINHIST] ([REF_NO], [TRAN_DATE], [AC_NO], [TRAN_TIMESTAMP], [TRAN_DESC], [INIT_EMPID], [APPRV_EMPID], [INIT_CSNO]) VALUES (60085, CAST(0x0000A53D0171E0AC AS DateTime), 1, CAST(0x0000A53D0171E0AC AS DateTime), N'User Login', NULL, NULL, 1)
INSERT [dbo].[NFINHIST] ([REF_NO], [TRAN_DATE], [AC_NO], [TRAN_TIMESTAMP], [TRAN_DESC], [INIT_EMPID], [APPRV_EMPID], [INIT_CSNO]) VALUES (60086, CAST(0x0000A53D017438AC AS DateTime), NULL, CAST(0x0000A53D017438AC AS DateTime), N'User Login', NULL, NULL, 1)
INSERT [dbo].[NFINHIST] ([REF_NO], [TRAN_DATE], [AC_NO], [TRAN_TIMESTAMP], [TRAN_DESC], [INIT_EMPID], [APPRV_EMPID], [INIT_CSNO]) VALUES (60087, CAST(0x0000A53D017B0F74 AS DateTime), NULL, CAST(0x0000A53D017B0F74 AS DateTime), N'User Login', NULL, NULL, 1)
INSERT [dbo].[NFINHIST] ([REF_NO], [TRAN_DATE], [AC_NO], [TRAN_TIMESTAMP], [TRAN_DESC], [INIT_EMPID], [APPRV_EMPID], [INIT_CSNO]) VALUES (60088, CAST(0x0000A53D017BA448 AS DateTime), 1, CAST(0x0000A53D017BA448 AS DateTime), N'User Login', NULL, NULL, 1)
INSERT [dbo].[NFINHIST] ([REF_NO], [TRAN_DATE], [AC_NO], [TRAN_TIMESTAMP], [TRAN_DESC], [INIT_EMPID], [APPRV_EMPID], [INIT_CSNO]) VALUES (60089, CAST(0x0000A53D017BB960 AS DateTime), NULL, CAST(0x0000A53D017BB960 AS DateTime), N'User Login', NULL, NULL, 1)
INSERT [dbo].[NFINHIST] ([REF_NO], [TRAN_DATE], [AC_NO], [TRAN_TIMESTAMP], [TRAN_DESC], [INIT_EMPID], [APPRV_EMPID], [INIT_CSNO]) VALUES (60090, CAST(0x0000A53D017D0D38 AS DateTime), NULL, CAST(0x0000A53D017D0D38 AS DateTime), N'User Login', NULL, NULL, 1)
INSERT [dbo].[NFINHIST] ([REF_NO], [TRAN_DATE], [AC_NO], [TRAN_TIMESTAMP], [TRAN_DESC], [INIT_EMPID], [APPRV_EMPID], [INIT_CSNO]) VALUES (60091, CAST(0x0000A53D017D17C4 AS DateTime), 1, CAST(0x0000A53D017D17C4 AS DateTime), N'User Login', NULL, NULL, 1)
INSERT [dbo].[NFINHIST] ([REF_NO], [TRAN_DATE], [AC_NO], [TRAN_TIMESTAMP], [TRAN_DESC], [INIT_EMPID], [APPRV_EMPID], [INIT_CSNO]) VALUES (60092, CAST(0x0000A53D017D5388 AS DateTime), NULL, CAST(0x0000A53D017D5388 AS DateTime), N'User Login', NULL, NULL, 1)
INSERT [dbo].[NFINHIST] ([REF_NO], [TRAN_DATE], [AC_NO], [TRAN_TIMESTAMP], [TRAN_DESC], [INIT_EMPID], [APPRV_EMPID], [INIT_CSNO]) VALUES (60093, CAST(0x0000A53D017D8970 AS DateTime), 1, CAST(0x0000A53D017D8970 AS DateTime), N'User Login', NULL, NULL, 1)
INSERT [dbo].[NFINHIST] ([REF_NO], [TRAN_DATE], [AC_NO], [TRAN_TIMESTAMP], [TRAN_DESC], [INIT_EMPID], [APPRV_EMPID], [INIT_CSNO]) VALUES (60094, CAST(0x0000A53D017EA184 AS DateTime), 1, CAST(0x0000A53D017EA184 AS DateTime), N'User Login', NULL, NULL, 1)
INSERT [dbo].[NFINHIST] ([REF_NO], [TRAN_DATE], [AC_NO], [TRAN_TIMESTAMP], [TRAN_DESC], [INIT_EMPID], [APPRV_EMPID], [INIT_CSNO]) VALUES (60095, CAST(0x0000A53D017EC254 AS DateTime), NULL, CAST(0x0000A53D017EC254 AS DateTime), N'User Login', NULL, NULL, 1)
INSERT [dbo].[NFINHIST] ([REF_NO], [TRAN_DATE], [AC_NO], [TRAN_TIMESTAMP], [TRAN_DESC], [INIT_EMPID], [APPRV_EMPID], [INIT_CSNO]) VALUES (60096, CAST(0x0000A53D017ECBB4 AS DateTime), 1, CAST(0x0000A53D017ECBB4 AS DateTime), N'User Login', NULL, NULL, 1)
INSERT [dbo].[NFINHIST] ([REF_NO], [TRAN_DATE], [AC_NO], [TRAN_TIMESTAMP], [TRAN_DESC], [INIT_EMPID], [APPRV_EMPID], [INIT_CSNO]) VALUES (60097, CAST(0x0000A53D0189A2B4 AS DateTime), NULL, CAST(0x0000A53D0189A2B4 AS DateTime), N'User Login', NULL, NULL, 2)
INSERT [dbo].[NFINHIST] ([REF_NO], [TRAN_DATE], [AC_NO], [TRAN_TIMESTAMP], [TRAN_DESC], [INIT_EMPID], [APPRV_EMPID], [INIT_CSNO]) VALUES (60098, CAST(0x0000A53E0001E654 AS DateTime), NULL, CAST(0x0000A53E0001E654 AS DateTime), N'User Login', NULL, NULL, 1)
INSERT [dbo].[NFINHIST] ([REF_NO], [TRAN_DATE], [AC_NO], [TRAN_TIMESTAMP], [TRAN_DESC], [INIT_EMPID], [APPRV_EMPID], [INIT_CSNO]) VALUES (60099, CAST(0x0000A53E0001F0E0 AS DateTime), 1, CAST(0x0000A53E0001F0E0 AS DateTime), N'User Login', NULL, NULL, 1)
INSERT [dbo].[NFINHIST] ([REF_NO], [TRAN_DATE], [AC_NO], [TRAN_TIMESTAMP], [TRAN_DESC], [INIT_EMPID], [APPRV_EMPID], [INIT_CSNO]) VALUES (60100, CAST(0x0000A53E000241BC AS DateTime), 1, CAST(0x0000A53E000241BC AS DateTime), N'User Login', NULL, NULL, 1)
INSERT [dbo].[NFINHIST] ([REF_NO], [TRAN_DATE], [AC_NO], [TRAN_TIMESTAMP], [TRAN_DESC], [INIT_EMPID], [APPRV_EMPID], [INIT_CSNO]) VALUES (60101, CAST(0x0000A53E0002BA70 AS DateTime), 1, CAST(0x0000A53E0002BA70 AS DateTime), N'User Login', NULL, NULL, 1)
INSERT [dbo].[NFINHIST] ([REF_NO], [TRAN_DATE], [AC_NO], [TRAN_TIMESTAMP], [TRAN_DESC], [INIT_EMPID], [APPRV_EMPID], [INIT_CSNO]) VALUES (60102, CAST(0x0000A53E000C7E0C AS DateTime), 1, CAST(0x0000A53E000C7E0C AS DateTime), N'User Login', NULL, NULL, 1)
INSERT [dbo].[NFINHIST] ([REF_NO], [TRAN_DATE], [AC_NO], [TRAN_TIMESTAMP], [TRAN_DESC], [INIT_EMPID], [APPRV_EMPID], [INIT_CSNO]) VALUES (60103, CAST(0x0000A53E000CA968 AS DateTime), NULL, CAST(0x0000A53E000CA968 AS DateTime), N'User Login', NULL, NULL, 1)
INSERT [dbo].[NFINHIST] ([REF_NO], [TRAN_DATE], [AC_NO], [TRAN_TIMESTAMP], [TRAN_DESC], [INIT_EMPID], [APPRV_EMPID], [INIT_CSNO]) VALUES (60104, CAST(0x0000A53E000DD568 AS DateTime), 1, CAST(0x0000A53E000DD568 AS DateTime), N'User Login', NULL, NULL, 1)
INSERT [dbo].[NFINHIST] ([REF_NO], [TRAN_DATE], [AC_NO], [TRAN_TIMESTAMP], [TRAN_DESC], [INIT_EMPID], [APPRV_EMPID], [INIT_CSNO]) VALUES (60105, CAST(0x0000A53E000E496C AS DateTime), 1, CAST(0x0000A53E000E496C AS DateTime), N'User Login', NULL, NULL, 1)
GO
print 'Processed 100 total records'
INSERT [dbo].[NFINHIST] ([REF_NO], [TRAN_DATE], [AC_NO], [TRAN_TIMESTAMP], [TRAN_DESC], [INIT_EMPID], [APPRV_EMPID], [INIT_CSNO]) VALUES (60106, CAST(0x0000A53E000E6EEC AS DateTime), NULL, CAST(0x0000A53E000E6EEC AS DateTime), N'User Login', NULL, NULL, 1)
INSERT [dbo].[NFINHIST] ([REF_NO], [TRAN_DATE], [AC_NO], [TRAN_TIMESTAMP], [TRAN_DESC], [INIT_EMPID], [APPRV_EMPID], [INIT_CSNO]) VALUES (60107, CAST(0x0000A53E00107160 AS DateTime), NULL, CAST(0x0000A53E00107160 AS DateTime), N'User Login', NULL, NULL, 1)
INSERT [dbo].[NFINHIST] ([REF_NO], [TRAN_DATE], [AC_NO], [TRAN_TIMESTAMP], [TRAN_DESC], [INIT_EMPID], [APPRV_EMPID], [INIT_CSNO]) VALUES (60108, CAST(0x0000A53E0010A3C4 AS DateTime), 1, CAST(0x0000A53E0010A3C4 AS DateTime), N'User Login', NULL, NULL, 1)
INSERT [dbo].[NFINHIST] ([REF_NO], [TRAN_DATE], [AC_NO], [TRAN_TIMESTAMP], [TRAN_DESC], [INIT_EMPID], [APPRV_EMPID], [INIT_CSNO]) VALUES (60109, CAST(0x0000A53E0013239C AS DateTime), 1, CAST(0x0000A53E0013239C AS DateTime), N'User Login', NULL, NULL, 1)
INSERT [dbo].[NFINHIST] ([REF_NO], [TRAN_DATE], [AC_NO], [TRAN_TIMESTAMP], [TRAN_DESC], [INIT_EMPID], [APPRV_EMPID], [INIT_CSNO]) VALUES (60115, CAST(0x0000A53E0016C998 AS DateTime), NULL, CAST(0x0000A53E0016C998 AS DateTime), N'User Login', 3, NULL, NULL)
INSERT [dbo].[NFINHIST] ([REF_NO], [TRAN_DATE], [AC_NO], [TRAN_TIMESTAMP], [TRAN_DESC], [INIT_EMPID], [APPRV_EMPID], [INIT_CSNO]) VALUES (60116, CAST(0x0000A53E00170A0C AS DateTime), NULL, CAST(0x0000A53E00170A0C AS DateTime), N'User Login', NULL, NULL, 1)
INSERT [dbo].[NFINHIST] ([REF_NO], [TRAN_DATE], [AC_NO], [TRAN_TIMESTAMP], [TRAN_DESC], [INIT_EMPID], [APPRV_EMPID], [INIT_CSNO]) VALUES (60117, CAST(0x0000A53E001833B4 AS DateTime), NULL, CAST(0x0000A53E001833B4 AS DateTime), N'User Login', 4, NULL, NULL)
INSERT [dbo].[NFINHIST] ([REF_NO], [TRAN_DATE], [AC_NO], [TRAN_TIMESTAMP], [TRAN_DESC], [INIT_EMPID], [APPRV_EMPID], [INIT_CSNO]) VALUES (60118, CAST(0x0000A53E00193458 AS DateTime), NULL, CAST(0x0000A53E00193458 AS DateTime), N'User Login', 4, NULL, NULL)
INSERT [dbo].[NFINHIST] ([REF_NO], [TRAN_DATE], [AC_NO], [TRAN_TIMESTAMP], [TRAN_DESC], [INIT_EMPID], [APPRV_EMPID], [INIT_CSNO]) VALUES (60119, CAST(0x0000A53E001B1D04 AS DateTime), NULL, CAST(0x0000A53E001B1D04 AS DateTime), N'User Login', 4, NULL, NULL)
INSERT [dbo].[NFINHIST] ([REF_NO], [TRAN_DATE], [AC_NO], [TRAN_TIMESTAMP], [TRAN_DESC], [INIT_EMPID], [APPRV_EMPID], [INIT_CSNO]) VALUES (60120, CAST(0x0000A53E001DBC80 AS DateTime), NULL, CAST(0x0000A53E001DBC80 AS DateTime), N'User Login', 4, NULL, NULL)
INSERT [dbo].[NFINHIST] ([REF_NO], [TRAN_DATE], [AC_NO], [TRAN_TIMESTAMP], [TRAN_DESC], [INIT_EMPID], [APPRV_EMPID], [INIT_CSNO]) VALUES (60121, CAST(0x0000A53E001EB3C4 AS DateTime), NULL, CAST(0x0000A53E001EB3C4 AS DateTime), N'User Login', 1, NULL, NULL)
INSERT [dbo].[NFINHIST] ([REF_NO], [TRAN_DATE], [AC_NO], [TRAN_TIMESTAMP], [TRAN_DESC], [INIT_EMPID], [APPRV_EMPID], [INIT_CSNO]) VALUES (60122, CAST(0x0000A53E001EC0A8 AS DateTime), NULL, CAST(0x0000A53E001EC0A8 AS DateTime), N'User Login', 3, NULL, NULL)
INSERT [dbo].[NFINHIST] ([REF_NO], [TRAN_DATE], [AC_NO], [TRAN_TIMESTAMP], [TRAN_DESC], [INIT_EMPID], [APPRV_EMPID], [INIT_CSNO]) VALUES (60123, CAST(0x0000A53E001ECFE4 AS DateTime), NULL, CAST(0x0000A53E001ECFE4 AS DateTime), N'User Login', 4, NULL, NULL)
INSERT [dbo].[NFINHIST] ([REF_NO], [TRAN_DATE], [AC_NO], [TRAN_TIMESTAMP], [TRAN_DESC], [INIT_EMPID], [APPRV_EMPID], [INIT_CSNO]) VALUES (60124, CAST(0x0000A53E00240450 AS DateTime), NULL, CAST(0x0000A53E00240450 AS DateTime), N'User Login', 1, NULL, NULL)
INSERT [dbo].[NFINHIST] ([REF_NO], [TRAN_DATE], [AC_NO], [TRAN_TIMESTAMP], [TRAN_DESC], [INIT_EMPID], [APPRV_EMPID], [INIT_CSNO]) VALUES (60125, CAST(0x0000A53E00248790 AS DateTime), NULL, CAST(0x0000A53E00248790 AS DateTime), N'User Login', 4, NULL, NULL)
INSERT [dbo].[NFINHIST] ([REF_NO], [TRAN_DATE], [AC_NO], [TRAN_TIMESTAMP], [TRAN_DESC], [INIT_EMPID], [APPRV_EMPID], [INIT_CSNO]) VALUES (60126, CAST(0x0000A53E002490F0 AS DateTime), NULL, CAST(0x0000A53E002490F0 AS DateTime), N'User Login', 1, NULL, NULL)
INSERT [dbo].[NFINHIST] ([REF_NO], [TRAN_DATE], [AC_NO], [TRAN_TIMESTAMP], [TRAN_DESC], [INIT_EMPID], [APPRV_EMPID], [INIT_CSNO]) VALUES (60127, CAST(0x0000A53E0024D3BC AS DateTime), NULL, CAST(0x0000A53E0024D3BC AS DateTime), N'User Login', NULL, NULL, 1)
INSERT [dbo].[NFINHIST] ([REF_NO], [TRAN_DATE], [AC_NO], [TRAN_TIMESTAMP], [TRAN_DESC], [INIT_EMPID], [APPRV_EMPID], [INIT_CSNO]) VALUES (60128, CAST(0x0000A53E0025524C AS DateTime), NULL, CAST(0x0000A53E0025524C AS DateTime), N'User Login', NULL, NULL, 1)
INSERT [dbo].[NFINHIST] ([REF_NO], [TRAN_DATE], [AC_NO], [TRAN_TIMESTAMP], [TRAN_DESC], [INIT_EMPID], [APPRV_EMPID], [INIT_CSNO]) VALUES (60129, CAST(0x0000A53E00255A80 AS DateTime), NULL, CAST(0x0000A53E00255A80 AS DateTime), N'User Login', 1, NULL, NULL)
INSERT [dbo].[NFINHIST] ([REF_NO], [TRAN_DATE], [AC_NO], [TRAN_TIMESTAMP], [TRAN_DESC], [INIT_EMPID], [APPRV_EMPID], [INIT_CSNO]) VALUES (60130, CAST(0x0000A53E00256890 AS DateTime), NULL, CAST(0x0000A53E00256890 AS DateTime), N'User Login', NULL, NULL, 1)
INSERT [dbo].[NFINHIST] ([REF_NO], [TRAN_DATE], [AC_NO], [TRAN_TIMESTAMP], [TRAN_DESC], [INIT_EMPID], [APPRV_EMPID], [INIT_CSNO]) VALUES (60131, CAST(0x0000A53E012EE248 AS DateTime), NULL, CAST(0x0000A53E012EE248 AS DateTime), N'User Login', NULL, NULL, 1)
INSERT [dbo].[NFINHIST] ([REF_NO], [TRAN_DATE], [AC_NO], [TRAN_TIMESTAMP], [TRAN_DESC], [INIT_EMPID], [APPRV_EMPID], [INIT_CSNO]) VALUES (60132, CAST(0x0000A53E012EFC10 AS DateTime), NULL, CAST(0x0000A53E012EFC10 AS DateTime), N'User Login', NULL, NULL, 2)
INSERT [dbo].[NFINHIST] ([REF_NO], [TRAN_DATE], [AC_NO], [TRAN_TIMESTAMP], [TRAN_DESC], [INIT_EMPID], [APPRV_EMPID], [INIT_CSNO]) VALUES (60133, CAST(0x0000A53E012F30CC AS DateTime), NULL, CAST(0x0000A53E012F30CC AS DateTime), N'User Login', NULL, NULL, 1)
INSERT [dbo].[NFINHIST] ([REF_NO], [TRAN_DATE], [AC_NO], [TRAN_TIMESTAMP], [TRAN_DESC], [INIT_EMPID], [APPRV_EMPID], [INIT_CSNO]) VALUES (60134, CAST(0x0000A53F01383690 AS DateTime), NULL, CAST(0x0000A53F01383690 AS DateTime), N'User Login', 4, NULL, NULL)
INSERT [dbo].[NFINHIST] ([REF_NO], [TRAN_DATE], [AC_NO], [TRAN_TIMESTAMP], [TRAN_DESC], [INIT_EMPID], [APPRV_EMPID], [INIT_CSNO]) VALUES (60135, CAST(0x0000A53F01405A28 AS DateTime), NULL, CAST(0x0000A53F01405A28 AS DateTime), N'User Login', 4, NULL, NULL)
INSERT [dbo].[NFINHIST] ([REF_NO], [TRAN_DATE], [AC_NO], [TRAN_TIMESTAMP], [TRAN_DESC], [INIT_EMPID], [APPRV_EMPID], [INIT_CSNO]) VALUES (60136, CAST(0x0000A53F01442DD8 AS DateTime), NULL, CAST(0x0000A53F01442DD8 AS DateTime), N'User Login', 4, NULL, NULL)
INSERT [dbo].[NFINHIST] ([REF_NO], [TRAN_DATE], [AC_NO], [TRAN_TIMESTAMP], [TRAN_DESC], [INIT_EMPID], [APPRV_EMPID], [INIT_CSNO]) VALUES (60137, CAST(0x0000A53F01444C50 AS DateTime), NULL, CAST(0x0000A53F01444C50 AS DateTime), N'User Login', 1, NULL, NULL)
INSERT [dbo].[NFINHIST] ([REF_NO], [TRAN_DATE], [AC_NO], [TRAN_TIMESTAMP], [TRAN_DESC], [INIT_EMPID], [APPRV_EMPID], [INIT_CSNO]) VALUES (60138, CAST(0x0000A53F01446BF4 AS DateTime), NULL, CAST(0x0000A53F01446BF4 AS DateTime), N'User Login', 3, NULL, NULL)
INSERT [dbo].[NFINHIST] ([REF_NO], [TRAN_DATE], [AC_NO], [TRAN_TIMESTAMP], [TRAN_DESC], [INIT_EMPID], [APPRV_EMPID], [INIT_CSNO]) VALUES (60139, CAST(0x0000A53F0144F3E4 AS DateTime), NULL, CAST(0x0000A53F0144F3E4 AS DateTime), N'User Login', 1, NULL, NULL)
INSERT [dbo].[NFINHIST] ([REF_NO], [TRAN_DATE], [AC_NO], [TRAN_TIMESTAMP], [TRAN_DESC], [INIT_EMPID], [APPRV_EMPID], [INIT_CSNO]) VALUES (60140, CAST(0x0000A53F01450578 AS DateTime), NULL, CAST(0x0000A53F01450578 AS DateTime), N'User Login', 3, NULL, NULL)
INSERT [dbo].[NFINHIST] ([REF_NO], [TRAN_DATE], [AC_NO], [TRAN_TIMESTAMP], [TRAN_DESC], [INIT_EMPID], [APPRV_EMPID], [INIT_CSNO]) VALUES (60141, CAST(0x0000A53F0145F80C AS DateTime), NULL, CAST(0x0000A53F0145F80C AS DateTime), N'User Login', NULL, NULL, 1)
INSERT [dbo].[NFINHIST] ([REF_NO], [TRAN_DATE], [AC_NO], [TRAN_TIMESTAMP], [TRAN_DESC], [INIT_EMPID], [APPRV_EMPID], [INIT_CSNO]) VALUES (60142, CAST(0x0000A53F01471E30 AS DateTime), NULL, CAST(0x0000A53F01471E30 AS DateTime), N'User Login', NULL, NULL, 1)
INSERT [dbo].[NFINHIST] ([REF_NO], [TRAN_DATE], [AC_NO], [TRAN_TIMESTAMP], [TRAN_DESC], [INIT_EMPID], [APPRV_EMPID], [INIT_CSNO]) VALUES (60143, CAST(0x0000A53F01472FC4 AS DateTime), NULL, CAST(0x0000A53F01472FC4 AS DateTime), N'User Login', 1, NULL, NULL)
INSERT [dbo].[NFINHIST] ([REF_NO], [TRAN_DATE], [AC_NO], [TRAN_TIMESTAMP], [TRAN_DESC], [INIT_EMPID], [APPRV_EMPID], [INIT_CSNO]) VALUES (60144, CAST(0x0000A53F0149A2B8 AS DateTime), NULL, CAST(0x0000A53F0149A2B8 AS DateTime), N'User Login', NULL, NULL, 1)
INSERT [dbo].[NFINHIST] ([REF_NO], [TRAN_DATE], [AC_NO], [TRAN_TIMESTAMP], [TRAN_DESC], [INIT_EMPID], [APPRV_EMPID], [INIT_CSNO]) VALUES (60145, CAST(0x0000A53F014AE9AC AS DateTime), NULL, CAST(0x0000A53F014AE9AC AS DateTime), N'User Login', 1, NULL, NULL)
INSERT [dbo].[NFINHIST] ([REF_NO], [TRAN_DATE], [AC_NO], [TRAN_TIMESTAMP], [TRAN_DESC], [INIT_EMPID], [APPRV_EMPID], [INIT_CSNO]) VALUES (60146, CAST(0x0000A53F014AF690 AS DateTime), NULL, CAST(0x0000A53F014AF690 AS DateTime), N'User Login', 4, NULL, NULL)
INSERT [dbo].[NFINHIST] ([REF_NO], [TRAN_DATE], [AC_NO], [TRAN_TIMESTAMP], [TRAN_DESC], [INIT_EMPID], [APPRV_EMPID], [INIT_CSNO]) VALUES (60147, CAST(0x0000A53F014B3E0C AS DateTime), NULL, CAST(0x0000A53F014B3E0C AS DateTime), N'User Login', NULL, NULL, 1)
INSERT [dbo].[NFINHIST] ([REF_NO], [TRAN_DATE], [AC_NO], [TRAN_TIMESTAMP], [TRAN_DESC], [INIT_EMPID], [APPRV_EMPID], [INIT_CSNO]) VALUES (60148, CAST(0x0000A53F014B5900 AS DateTime), NULL, CAST(0x0000A53F014B5900 AS DateTime), N'User Login', 1, NULL, NULL)
INSERT [dbo].[NFINHIST] ([REF_NO], [TRAN_DATE], [AC_NO], [TRAN_TIMESTAMP], [TRAN_DESC], [INIT_EMPID], [APPRV_EMPID], [INIT_CSNO]) VALUES (60149, CAST(0x0000A53F014B6968 AS DateTime), NULL, CAST(0x0000A53F014B6968 AS DateTime), N'User Login', 3, NULL, NULL)
INSERT [dbo].[NFINHIST] ([REF_NO], [TRAN_DATE], [AC_NO], [TRAN_TIMESTAMP], [TRAN_DESC], [INIT_EMPID], [APPRV_EMPID], [INIT_CSNO]) VALUES (60150, CAST(0x0000A53F014B8C90 AS DateTime), NULL, CAST(0x0000A53F014B8C90 AS DateTime), N'User Login', 4, NULL, NULL)
SET IDENTITY_INSERT [dbo].[NFINHIST] OFF
/****** Object:  Table [dbo].[FINHIST]    Script Date: 10/29/2015 01:17:49 ******/
SET ANSI_NULLS ON
GO
SET QUOTED_IDENTIFIER ON
GO
SET ANSI_PADDING ON
GO
CREATE TABLE [dbo].[FINHIST](
	[REF_NO] [int] IDENTITY(30000,1) NOT NULL,
	[TRAN_DATE] [datetime] NOT NULL,
	[AC_NO] [int] NOT NULL,
	[TRAN_TIMESTAMP] [datetime] NULL,
	[TRAN_DESC] [varchar](max) NULL,
	[REM_BAL] [decimal](12, 2) NULL,
	[INIT_CSNO] [int] NULL,
	[INIT_EMPID] [int] NULL,
	[APPRV_EMPID] [int] NULL,
	[DR_AMT] [decimal](12, 2) NULL,
	[CR_AMT] [decimal](12, 2) NULL,
 CONSTRAINT [PK_FINHIST_1] PRIMARY KEY CLUSTERED 
(
	[REF_NO] ASC
)WITH (PAD_INDEX  = OFF, STATISTICS_NORECOMPUTE  = OFF, IGNORE_DUP_KEY = OFF, ALLOW_ROW_LOCKS  = ON, ALLOW_PAGE_LOCKS  = ON) ON [PRIMARY]
) ON [PRIMARY] TEXTIMAGE_ON [PRIMARY]
GO
SET ANSI_PADDING OFF
GO
SET IDENTITY_INSERT [dbo].[FINHIST] ON
INSERT [dbo].[FINHIST] ([REF_NO], [TRAN_DATE], [AC_NO], [TRAN_TIMESTAMP], [TRAN_DESC], [REM_BAL], [INIT_CSNO], [INIT_EMPID], [APPRV_EMPID], [DR_AMT], [CR_AMT]) VALUES (2, CAST(0x0000A53C00000000 AS DateTime), 1, CAST(0x00000000000007D1 AS DateTime), N'Debit Transaction', CAST(550.00 AS Decimal(12, 2)), NULL, NULL, NULL, CAST(50.00 AS Decimal(12, 2)), CAST(0.00 AS Decimal(12, 2)))
INSERT [dbo].[FINHIST] ([REF_NO], [TRAN_DATE], [AC_NO], [TRAN_TIMESTAMP], [TRAN_DESC], [REM_BAL], [INIT_CSNO], [INIT_EMPID], [APPRV_EMPID], [DR_AMT], [CR_AMT]) VALUES (3, CAST(0x0000A53C00000000 AS DateTime), 1, CAST(0x00000000000007D2 AS DateTime), N'Debit Transaction', CAST(500.00 AS Decimal(12, 2)), NULL, NULL, NULL, CAST(50.00 AS Decimal(12, 2)), CAST(0.00 AS Decimal(12, 2)))
INSERT [dbo].[FINHIST] ([REF_NO], [TRAN_DATE], [AC_NO], [TRAN_TIMESTAMP], [TRAN_DESC], [REM_BAL], [INIT_CSNO], [INIT_EMPID], [APPRV_EMPID], [DR_AMT], [CR_AMT]) VALUES (4, CAST(0x0000A53C00000000 AS DateTime), 2, CAST(0x00000000000007D3 AS DateTime), N'Debit Transaction', CAST(9910.00 AS Decimal(12, 2)), NULL, NULL, NULL, CAST(90.00 AS Decimal(12, 2)), CAST(0.00 AS Decimal(12, 2)))
INSERT [dbo].[FINHIST] ([REF_NO], [TRAN_DATE], [AC_NO], [TRAN_TIMESTAMP], [TRAN_DESC], [REM_BAL], [INIT_CSNO], [INIT_EMPID], [APPRV_EMPID], [DR_AMT], [CR_AMT]) VALUES (5, CAST(0x0000A53C00000000 AS DateTime), 1, CAST(0x00000000000007D4 AS DateTime), N'Credit Transaction', CAST(600.00 AS Decimal(12, 2)), NULL, NULL, NULL, CAST(50.00 AS Decimal(12, 2)), CAST(0.00 AS Decimal(12, 2)))
INSERT [dbo].[FINHIST] ([REF_NO], [TRAN_DATE], [AC_NO], [TRAN_TIMESTAMP], [TRAN_DESC], [REM_BAL], [INIT_CSNO], [INIT_EMPID], [APPRV_EMPID], [DR_AMT], [CR_AMT]) VALUES (6, CAST(0x0000A53C00000000 AS DateTime), 1, CAST(0x00000000000007D5 AS DateTime), N'Credit Transaction', CAST(650.00 AS Decimal(12, 2)), NULL, NULL, NULL, CAST(50.00 AS Decimal(12, 2)), CAST(0.00 AS Decimal(12, 2)))
INSERT [dbo].[FINHIST] ([REF_NO], [TRAN_DATE], [AC_NO], [TRAN_TIMESTAMP], [TRAN_DESC], [REM_BAL], [INIT_CSNO], [INIT_EMPID], [APPRV_EMPID], [DR_AMT], [CR_AMT]) VALUES (7, CAST(0x0000A53C00000000 AS DateTime), 1, CAST(0x00000000000007D6 AS DateTime), N'Credit Transaction', CAST(700.00 AS Decimal(12, 2)), NULL, NULL, NULL, CAST(50.00 AS Decimal(12, 2)), CAST(0.00 AS Decimal(12, 2)))
INSERT [dbo].[FINHIST] ([REF_NO], [TRAN_DATE], [AC_NO], [TRAN_TIMESTAMP], [TRAN_DESC], [REM_BAL], [INIT_CSNO], [INIT_EMPID], [APPRV_EMPID], [DR_AMT], [CR_AMT]) VALUES (8, CAST(0x0000A53C00000000 AS DateTime), 1, CAST(0x00000000000007D7 AS DateTime), N'Debit Transaction', CAST(0.00 AS Decimal(12, 2)), NULL, NULL, NULL, CAST(700.00 AS Decimal(12, 2)), CAST(0.00 AS Decimal(12, 2)))
INSERT [dbo].[FINHIST] ([REF_NO], [TRAN_DATE], [AC_NO], [TRAN_TIMESTAMP], [TRAN_DESC], [REM_BAL], [INIT_CSNO], [INIT_EMPID], [APPRV_EMPID], [DR_AMT], [CR_AMT]) VALUES (9, CAST(0x0000A53C00000000 AS DateTime), 2, CAST(0x00000000000007D8 AS DateTime), N'Debit Transaction', CAST(9908.00 AS Decimal(12, 2)), NULL, NULL, NULL, CAST(2.00 AS Decimal(12, 2)), CAST(0.00 AS Decimal(12, 2)))
INSERT [dbo].[FINHIST] ([REF_NO], [TRAN_DATE], [AC_NO], [TRAN_TIMESTAMP], [TRAN_DESC], [REM_BAL], [INIT_CSNO], [INIT_EMPID], [APPRV_EMPID], [DR_AMT], [CR_AMT]) VALUES (10, CAST(0x0000A53C00000000 AS DateTime), 1, CAST(0x00000000000007D9 AS DateTime), N'Credit Transaction', CAST(10.00 AS Decimal(12, 2)), NULL, NULL, NULL, CAST(10.00 AS Decimal(12, 2)), CAST(0.00 AS Decimal(12, 2)))
INSERT [dbo].[FINHIST] ([REF_NO], [TRAN_DATE], [AC_NO], [TRAN_TIMESTAMP], [TRAN_DESC], [REM_BAL], [INIT_CSNO], [INIT_EMPID], [APPRV_EMPID], [DR_AMT], [CR_AMT]) VALUES (11, CAST(0x0000A53C00000000 AS DateTime), 1, CAST(0x00000000000007DA AS DateTime), N'Credit Transaction', CAST(20.00 AS Decimal(12, 2)), NULL, NULL, NULL, CAST(10.00 AS Decimal(12, 2)), CAST(0.00 AS Decimal(12, 2)))
INSERT [dbo].[FINHIST] ([REF_NO], [TRAN_DATE], [AC_NO], [TRAN_TIMESTAMP], [TRAN_DESC], [REM_BAL], [INIT_CSNO], [INIT_EMPID], [APPRV_EMPID], [DR_AMT], [CR_AMT]) VALUES (12, CAST(0x0000A53C00000000 AS DateTime), 2, CAST(0x00000000000007DB AS DateTime), N'Debit Transaction', CAST(8907.00 AS Decimal(12, 2)), NULL, NULL, NULL, CAST(1001.00 AS Decimal(12, 2)), CAST(0.00 AS Decimal(12, 2)))
INSERT [dbo].[FINHIST] ([REF_NO], [TRAN_DATE], [AC_NO], [TRAN_TIMESTAMP], [TRAN_DESC], [REM_BAL], [INIT_CSNO], [INIT_EMPID], [APPRV_EMPID], [DR_AMT], [CR_AMT]) VALUES (13, CAST(0x0000A53C00000000 AS DateTime), 2, CAST(0x00000000000007DC AS DateTime), N'Debit Transaction', CAST(7906.00 AS Decimal(12, 2)), NULL, NULL, NULL, CAST(1001.00 AS Decimal(12, 2)), CAST(0.00 AS Decimal(12, 2)))
INSERT [dbo].[FINHIST] ([REF_NO], [TRAN_DATE], [AC_NO], [TRAN_TIMESTAMP], [TRAN_DESC], [REM_BAL], [INIT_CSNO], [INIT_EMPID], [APPRV_EMPID], [DR_AMT], [CR_AMT]) VALUES (14, CAST(0x0000A53C00000000 AS DateTime), 2, CAST(0x00000000000007DD AS DateTime), N'Debit Transaction', CAST(6905.00 AS Decimal(12, 2)), NULL, NULL, NULL, CAST(1001.00 AS Decimal(12, 2)), CAST(0.00 AS Decimal(12, 2)))
INSERT [dbo].[FINHIST] ([REF_NO], [TRAN_DATE], [AC_NO], [TRAN_TIMESTAMP], [TRAN_DESC], [REM_BAL], [INIT_CSNO], [INIT_EMPID], [APPRV_EMPID], [DR_AMT], [CR_AMT]) VALUES (15, CAST(0x0000A53C00000000 AS DateTime), 2, CAST(0x00000000000007DE AS DateTime), N'Debit Transaction', CAST(5904.00 AS Decimal(12, 2)), NULL, NULL, NULL, CAST(1001.00 AS Decimal(12, 2)), CAST(0.00 AS Decimal(12, 2)))
INSERT [dbo].[FINHIST] ([REF_NO], [TRAN_DATE], [AC_NO], [TRAN_TIMESTAMP], [TRAN_DESC], [REM_BAL], [INIT_CSNO], [INIT_EMPID], [APPRV_EMPID], [DR_AMT], [CR_AMT]) VALUES (16, CAST(0x0000A53C00000000 AS DateTime), 2, CAST(0x00000000000007DF AS DateTime), N'Transfer Debit', CAST(5892.00 AS Decimal(12, 2)), NULL, NULL, NULL, CAST(12.00 AS Decimal(12, 2)), CAST(0.00 AS Decimal(12, 2)))
INSERT [dbo].[FINHIST] ([REF_NO], [TRAN_DATE], [AC_NO], [TRAN_TIMESTAMP], [TRAN_DESC], [REM_BAL], [INIT_CSNO], [INIT_EMPID], [APPRV_EMPID], [DR_AMT], [CR_AMT]) VALUES (17, CAST(0x0000A53C00000000 AS DateTime), 1, CAST(0x00000000000007E0 AS DateTime), N'Transfer Credit', CAST(32.00 AS Decimal(12, 2)), NULL, NULL, NULL, CAST(12.00 AS Decimal(12, 2)), CAST(0.00 AS Decimal(12, 2)))
INSERT [dbo].[FINHIST] ([REF_NO], [TRAN_DATE], [AC_NO], [TRAN_TIMESTAMP], [TRAN_DESC], [REM_BAL], [INIT_CSNO], [INIT_EMPID], [APPRV_EMPID], [DR_AMT], [CR_AMT]) VALUES (18, CAST(0x0000A53C00000000 AS DateTime), 2, CAST(0x00000000000007E1 AS DateTime), N'Transfer Debit', CAST(5792.00 AS Decimal(12, 2)), NULL, NULL, NULL, CAST(100.00 AS Decimal(12, 2)), CAST(0.00 AS Decimal(12, 2)))
INSERT [dbo].[FINHIST] ([REF_NO], [TRAN_DATE], [AC_NO], [TRAN_TIMESTAMP], [TRAN_DESC], [REM_BAL], [INIT_CSNO], [INIT_EMPID], [APPRV_EMPID], [DR_AMT], [CR_AMT]) VALUES (19, CAST(0x0000A53C00000000 AS DateTime), 1, CAST(0x00000000000007E2 AS DateTime), N'Transfer Credit', CAST(132.00 AS Decimal(12, 2)), NULL, NULL, NULL, CAST(0.00 AS Decimal(12, 2)), CAST(100.00 AS Decimal(12, 2)))
INSERT [dbo].[FINHIST] ([REF_NO], [TRAN_DATE], [AC_NO], [TRAN_TIMESTAMP], [TRAN_DESC], [REM_BAL], [INIT_CSNO], [INIT_EMPID], [APPRV_EMPID], [DR_AMT], [CR_AMT]) VALUES (20, CAST(0x0000A53C00000000 AS DateTime), 2, CAST(0x00000000000007E3 AS DateTime), N'Transfer Debit', CAST(5692.00 AS Decimal(12, 2)), NULL, NULL, NULL, CAST(100.00 AS Decimal(12, 2)), CAST(0.00 AS Decimal(12, 2)))
INSERT [dbo].[FINHIST] ([REF_NO], [TRAN_DATE], [AC_NO], [TRAN_TIMESTAMP], [TRAN_DESC], [REM_BAL], [INIT_CSNO], [INIT_EMPID], [APPRV_EMPID], [DR_AMT], [CR_AMT]) VALUES (21, CAST(0x0000A53C00000000 AS DateTime), 1, CAST(0x00000000000007E4 AS DateTime), N'Transfer Credit', CAST(232.00 AS Decimal(12, 2)), NULL, NULL, NULL, CAST(0.00 AS Decimal(12, 2)), CAST(100.00 AS Decimal(12, 2)))
INSERT [dbo].[FINHIST] ([REF_NO], [TRAN_DATE], [AC_NO], [TRAN_TIMESTAMP], [TRAN_DESC], [REM_BAL], [INIT_CSNO], [INIT_EMPID], [APPRV_EMPID], [DR_AMT], [CR_AMT]) VALUES (30001, CAST(0x0000A53D00000000 AS DateTime), 1, CAST(0x00000000000007E5 AS DateTime), N'Transfer Debit', CAST(132.00 AS Decimal(12, 2)), NULL, NULL, NULL, CAST(100.00 AS Decimal(12, 2)), CAST(0.00 AS Decimal(12, 2)))
INSERT [dbo].[FINHIST] ([REF_NO], [TRAN_DATE], [AC_NO], [TRAN_TIMESTAMP], [TRAN_DESC], [REM_BAL], [INIT_CSNO], [INIT_EMPID], [APPRV_EMPID], [DR_AMT], [CR_AMT]) VALUES (30002, CAST(0x0000A53D00000000 AS DateTime), 3, CAST(0x00000000000007E6 AS DateTime), N'Transfer Credit', CAST(120100.00 AS Decimal(12, 2)), NULL, NULL, NULL, CAST(0.00 AS Decimal(12, 2)), CAST(100.00 AS Decimal(12, 2)))
INSERT [dbo].[FINHIST] ([REF_NO], [TRAN_DATE], [AC_NO], [TRAN_TIMESTAMP], [TRAN_DESC], [REM_BAL], [INIT_CSNO], [INIT_EMPID], [APPRV_EMPID], [DR_AMT], [CR_AMT]) VALUES (30003, CAST(0x0000A53D00000000 AS DateTime), 1, CAST(0x00000000000007E7 AS DateTime), N'Transfer Debit', CAST(32.00 AS Decimal(12, 2)), NULL, NULL, NULL, CAST(100.00 AS Decimal(12, 2)), CAST(0.00 AS Decimal(12, 2)))
INSERT [dbo].[FINHIST] ([REF_NO], [TRAN_DATE], [AC_NO], [TRAN_TIMESTAMP], [TRAN_DESC], [REM_BAL], [INIT_CSNO], [INIT_EMPID], [APPRV_EMPID], [DR_AMT], [CR_AMT]) VALUES (30004, CAST(0x0000A53D00000000 AS DateTime), 3, CAST(0x00000000000007E8 AS DateTime), N'Transfer Credit', CAST(120200.00 AS Decimal(12, 2)), NULL, NULL, NULL, CAST(0.00 AS Decimal(12, 2)), CAST(100.00 AS Decimal(12, 2)))
INSERT [dbo].[FINHIST] ([REF_NO], [TRAN_DATE], [AC_NO], [TRAN_TIMESTAMP], [TRAN_DESC], [REM_BAL], [INIT_CSNO], [INIT_EMPID], [APPRV_EMPID], [DR_AMT], [CR_AMT]) VALUES (30005, CAST(0x0000A53D00000000 AS DateTime), 1, CAST(0x00000000000007E9 AS DateTime), N'Credit Transaction', CAST(1032.00 AS Decimal(12, 2)), NULL, NULL, NULL, CAST(0.00 AS Decimal(12, 2)), CAST(1000.00 AS Decimal(12, 2)))
INSERT [dbo].[FINHIST] ([REF_NO], [TRAN_DATE], [AC_NO], [TRAN_TIMESTAMP], [TRAN_DESC], [REM_BAL], [INIT_CSNO], [INIT_EMPID], [APPRV_EMPID], [DR_AMT], [CR_AMT]) VALUES (30006, CAST(0x0000A53D00000000 AS DateTime), 1, CAST(0x00000000000007EA AS DateTime), N'Transfer Debit', CAST(1022.00 AS Decimal(12, 2)), NULL, NULL, NULL, CAST(10.00 AS Decimal(12, 2)), CAST(0.00 AS Decimal(12, 2)))
INSERT [dbo].[FINHIST] ([REF_NO], [TRAN_DATE], [AC_NO], [TRAN_TIMESTAMP], [TRAN_DESC], [REM_BAL], [INIT_CSNO], [INIT_EMPID], [APPRV_EMPID], [DR_AMT], [CR_AMT]) VALUES (30007, CAST(0x0000A53D00000000 AS DateTime), 1, CAST(0x00000000000007EB AS DateTime), N'Transfer Debit', CAST(922.00 AS Decimal(12, 2)), NULL, NULL, NULL, CAST(100.00 AS Decimal(12, 2)), CAST(0.00 AS Decimal(12, 2)))
INSERT [dbo].[FINHIST] ([REF_NO], [TRAN_DATE], [AC_NO], [TRAN_TIMESTAMP], [TRAN_DESC], [REM_BAL], [INIT_CSNO], [INIT_EMPID], [APPRV_EMPID], [DR_AMT], [CR_AMT]) VALUES (30008, CAST(0x0000A53D00000000 AS DateTime), 1, CAST(0x00000000000007EC AS DateTime), N'Credit Transaction', CAST(1022.00 AS Decimal(12, 2)), NULL, NULL, NULL, CAST(0.00 AS Decimal(12, 2)), CAST(100.00 AS Decimal(12, 2)))
INSERT [dbo].[FINHIST] ([REF_NO], [TRAN_DATE], [AC_NO], [TRAN_TIMESTAMP], [TRAN_DESC], [REM_BAL], [INIT_CSNO], [INIT_EMPID], [APPRV_EMPID], [DR_AMT], [CR_AMT]) VALUES (30009, CAST(0x0000A53D00000000 AS DateTime), 1, CAST(0x00000000000007ED AS DateTime), N'Transfer Debit', CAST(922.00 AS Decimal(12, 2)), NULL, NULL, NULL, CAST(100.00 AS Decimal(12, 2)), CAST(0.00 AS Decimal(12, 2)))
INSERT [dbo].[FINHIST] ([REF_NO], [TRAN_DATE], [AC_NO], [TRAN_TIMESTAMP], [TRAN_DESC], [REM_BAL], [INIT_CSNO], [INIT_EMPID], [APPRV_EMPID], [DR_AMT], [CR_AMT]) VALUES (30010, CAST(0x0000A53D00000000 AS DateTime), 1, CAST(0x00000000000007EE AS DateTime), N'Debit Transaction', CAST(822.00 AS Decimal(12, 2)), NULL, NULL, NULL, CAST(100.00 AS Decimal(12, 2)), CAST(0.00 AS Decimal(12, 2)))
INSERT [dbo].[FINHIST] ([REF_NO], [TRAN_DATE], [AC_NO], [TRAN_TIMESTAMP], [TRAN_DESC], [REM_BAL], [INIT_CSNO], [INIT_EMPID], [APPRV_EMPID], [DR_AMT], [CR_AMT]) VALUES (30011, CAST(0x0000A53D00000000 AS DateTime), 1, CAST(0x0000A53D010F7C64 AS DateTime), N'Credit Transaction', CAST(922.00 AS Decimal(12, 2)), NULL, NULL, NULL, CAST(0.00 AS Decimal(12, 2)), CAST(100.00 AS Decimal(12, 2)))
INSERT [dbo].[FINHIST] ([REF_NO], [TRAN_DATE], [AC_NO], [TRAN_TIMESTAMP], [TRAN_DESC], [REM_BAL], [INIT_CSNO], [INIT_EMPID], [APPRV_EMPID], [DR_AMT], [CR_AMT]) VALUES (30012, CAST(0x0000A53D00000000 AS DateTime), 1, CAST(0x0000A53D01405DAC AS DateTime), N'Debit Transaction', CAST(822.00 AS Decimal(12, 2)), NULL, NULL, NULL, CAST(100.00 AS Decimal(12, 2)), CAST(0.00 AS Decimal(12, 2)))
INSERT [dbo].[FINHIST] ([REF_NO], [TRAN_DATE], [AC_NO], [TRAN_TIMESTAMP], [TRAN_DESC], [REM_BAL], [INIT_CSNO], [INIT_EMPID], [APPRV_EMPID], [DR_AMT], [CR_AMT]) VALUES (30013, CAST(0x0000A53E00000000 AS DateTime), 1, CAST(0x0000A53E000C876C AS DateTime), N'Debit Transaction', CAST(722.00 AS Decimal(12, 2)), NULL, NULL, NULL, CAST(100.00 AS Decimal(12, 2)), CAST(0.00 AS Decimal(12, 2)))
INSERT [dbo].[FINHIST] ([REF_NO], [TRAN_DATE], [AC_NO], [TRAN_TIMESTAMP], [TRAN_DESC], [REM_BAL], [INIT_CSNO], [INIT_EMPID], [APPRV_EMPID], [DR_AMT], [CR_AMT]) VALUES (30014, CAST(0x0000A53E00000000 AS DateTime), 1, CAST(0x0000A53E000E5074 AS DateTime), N'Debit Transaction', CAST(622.00 AS Decimal(12, 2)), NULL, NULL, NULL, CAST(100.00 AS Decimal(12, 2)), CAST(0.00 AS Decimal(12, 2)))
INSERT [dbo].[FINHIST] ([REF_NO], [TRAN_DATE], [AC_NO], [TRAN_TIMESTAMP], [TRAN_DESC], [REM_BAL], [INIT_CSNO], [INIT_EMPID], [APPRV_EMPID], [DR_AMT], [CR_AMT]) VALUES (30015, CAST(0x0000A53E00000000 AS DateTime), 1, CAST(0x0000A53E000E60DC AS DateTime), N'Credit Transaction', CAST(822.00 AS Decimal(12, 2)), NULL, NULL, NULL, CAST(0.00 AS Decimal(12, 2)), CAST(200.00 AS Decimal(12, 2)))
INSERT [dbo].[FINHIST] ([REF_NO], [TRAN_DATE], [AC_NO], [TRAN_TIMESTAMP], [TRAN_DESC], [REM_BAL], [INIT_CSNO], [INIT_EMPID], [APPRV_EMPID], [DR_AMT], [CR_AMT]) VALUES (30016, CAST(0x0000A53E00000000 AS DateTime), 1, CAST(0x0000A53E0016F044 AS DateTime), N'High Value Credit Transaction', CAST(1823.00 AS Decimal(12, 2)), NULL, NULL, NULL, CAST(0.00 AS Decimal(12, 2)), CAST(1001.00 AS Decimal(12, 2)))
INSERT [dbo].[FINHIST] ([REF_NO], [TRAN_DATE], [AC_NO], [TRAN_TIMESTAMP], [TRAN_DESC], [REM_BAL], [INIT_CSNO], [INIT_EMPID], [APPRV_EMPID], [DR_AMT], [CR_AMT]) VALUES (30017, CAST(0x0000A53E00000000 AS DateTime), 1, CAST(0x0000A53E00240900 AS DateTime), N'Debit Transaction', CAST(1723.00 AS Decimal(12, 2)), NULL, NULL, NULL, CAST(100.00 AS Decimal(12, 2)), CAST(0.00 AS Decimal(12, 2)))
INSERT [dbo].[FINHIST] ([REF_NO], [TRAN_DATE], [AC_NO], [TRAN_TIMESTAMP], [TRAN_DESC], [REM_BAL], [INIT_CSNO], [INIT_EMPID], [APPRV_EMPID], [DR_AMT], [CR_AMT]) VALUES (30018, CAST(0x0000A53E00000000 AS DateTime), 1, CAST(0x0000A53E00255E04 AS DateTime), N'Debit Transaction', CAST(1623.00 AS Decimal(12, 2)), NULL, NULL, NULL, CAST(100.00 AS Decimal(12, 2)), CAST(0.00 AS Decimal(12, 2)))
SET IDENTITY_INSERT [dbo].[FINHIST] OFF
/****** Object:  ForeignKey [FK_ACTM_CSTM]    Script Date: 10/29/2015 01:17:24 ******/
ALTER TABLE [dbo].[ACTM]  WITH CHECK ADD  CONSTRAINT [FK_ACTM_CSTM] FOREIGN KEY([CS_NO2])
REFERENCES [dbo].[CSTM] ([CS_NO])
GO
ALTER TABLE [dbo].[ACTM] CHECK CONSTRAINT [FK_ACTM_CSTM]
GO
/****** Object:  ForeignKey [FK_ACTM_CSTM1]    Script Date: 10/29/2015 01:17:24 ******/
ALTER TABLE [dbo].[ACTM]  WITH CHECK ADD  CONSTRAINT [FK_ACTM_CSTM1] FOREIGN KEY([CS_NO1])
REFERENCES [dbo].[CSTM] ([CS_NO])
GO
ALTER TABLE [dbo].[ACTM] CHECK CONSTRAINT [FK_ACTM_CSTM1]
GO
/****** Object:  ForeignKey [FK_ERRHIST_ACTM]    Script Date: 10/29/2015 01:17:30 ******/
ALTER TABLE [dbo].[ERRHIST]  WITH CHECK ADD  CONSTRAINT [FK_ERRHIST_ACTM] FOREIGN KEY([AC_NO])
REFERENCES [dbo].[ACTM] ([AC_NO])
GO
ALTER TABLE [dbo].[ERRHIST] CHECK CONSTRAINT [FK_ERRHIST_ACTM]
GO
/****** Object:  ForeignKey [FK_ERRHIST_CSTM]    Script Date: 10/29/2015 01:17:30 ******/
ALTER TABLE [dbo].[ERRHIST]  WITH CHECK ADD  CONSTRAINT [FK_ERRHIST_CSTM] FOREIGN KEY([INIT_CSNO])
REFERENCES [dbo].[CSTM] ([CS_NO])
GO
ALTER TABLE [dbo].[ERRHIST] CHECK CONSTRAINT [FK_ERRHIST_CSTM]
GO
/****** Object:  ForeignKey [FK_ERRHIST_EMPM]    Script Date: 10/29/2015 01:17:30 ******/
ALTER TABLE [dbo].[ERRHIST]  WITH CHECK ADD  CONSTRAINT [FK_ERRHIST_EMPM] FOREIGN KEY([INIT_EMPID])
REFERENCES [dbo].[EMPM] ([EMP_ID])
GO
ALTER TABLE [dbo].[ERRHIST] CHECK CONSTRAINT [FK_ERRHIST_EMPM]
GO
/****** Object:  ForeignKey [FK_ERRHIST_EMPM1]    Script Date: 10/29/2015 01:17:30 ******/
ALTER TABLE [dbo].[ERRHIST]  WITH CHECK ADD  CONSTRAINT [FK_ERRHIST_EMPM1] FOREIGN KEY([APPRV_EMPID])
REFERENCES [dbo].[EMPM] ([EMP_ID])
GO
ALTER TABLE [dbo].[ERRHIST] CHECK CONSTRAINT [FK_ERRHIST_EMPM1]
GO
/****** Object:  ForeignKey [FK_FINHIST_ACTM]    Script Date: 10/29/2015 01:17:49 ******/
ALTER TABLE [dbo].[FINHIST]  WITH CHECK ADD  CONSTRAINT [FK_FINHIST_ACTM] FOREIGN KEY([AC_NO])
REFERENCES [dbo].[ACTM] ([AC_NO])
GO
ALTER TABLE [dbo].[FINHIST] CHECK CONSTRAINT [FK_FINHIST_ACTM]
GO
/****** Object:  ForeignKey [FK_FINHIST_CSTM]    Script Date: 10/29/2015 01:17:49 ******/
ALTER TABLE [dbo].[FINHIST]  WITH CHECK ADD  CONSTRAINT [FK_FINHIST_CSTM] FOREIGN KEY([INIT_CSNO])
REFERENCES [dbo].[CSTM] ([CS_NO])
GO
ALTER TABLE [dbo].[FINHIST] CHECK CONSTRAINT [FK_FINHIST_CSTM]
GO
/****** Object:  ForeignKey [FK_FINHIST_EMPM]    Script Date: 10/29/2015 01:17:49 ******/
ALTER TABLE [dbo].[FINHIST]  WITH CHECK ADD  CONSTRAINT [FK_FINHIST_EMPM] FOREIGN KEY([INIT_EMPID])
REFERENCES [dbo].[EMPM] ([EMP_ID])
GO
ALTER TABLE [dbo].[FINHIST] CHECK CONSTRAINT [FK_FINHIST_EMPM]
GO
/****** Object:  ForeignKey [FK_FINHIST_EMPM1]    Script Date: 10/29/2015 01:17:49 ******/
ALTER TABLE [dbo].[FINHIST]  WITH CHECK ADD  CONSTRAINT [FK_FINHIST_EMPM1] FOREIGN KEY([APPRV_EMPID])
REFERENCES [dbo].[EMPM] ([EMP_ID])
GO
ALTER TABLE [dbo].[FINHIST] CHECK CONSTRAINT [FK_FINHIST_EMPM1]
GO
/****** Object:  ForeignKey [FK_NFINHIST_ACTM]    Script Date: 10/29/2015 01:17:50 ******/
ALTER TABLE [dbo].[NFINHIST]  WITH CHECK ADD  CONSTRAINT [FK_NFINHIST_ACTM] FOREIGN KEY([AC_NO])
REFERENCES [dbo].[ACTM] ([AC_NO])
GO
ALTER TABLE [dbo].[NFINHIST] CHECK CONSTRAINT [FK_NFINHIST_ACTM]
GO
/****** Object:  ForeignKey [FK_NFINHIST_CSTM]    Script Date: 10/29/2015 01:17:50 ******/
ALTER TABLE [dbo].[NFINHIST]  WITH CHECK ADD  CONSTRAINT [FK_NFINHIST_CSTM] FOREIGN KEY([INIT_CSNO])
REFERENCES [dbo].[CSTM] ([CS_NO])
GO
ALTER TABLE [dbo].[NFINHIST] CHECK CONSTRAINT [FK_NFINHIST_CSTM]
GO
/****** Object:  ForeignKey [FK_NFINHIST_EMPM]    Script Date: 10/29/2015 01:17:50 ******/
ALTER TABLE [dbo].[NFINHIST]  WITH CHECK ADD  CONSTRAINT [FK_NFINHIST_EMPM] FOREIGN KEY([INIT_EMPID])
REFERENCES [dbo].[EMPM] ([EMP_ID])
GO
ALTER TABLE [dbo].[NFINHIST] CHECK CONSTRAINT [FK_NFINHIST_EMPM]
GO
/****** Object:  ForeignKey [FK_NFINHIST_EMPM1]    Script Date: 10/29/2015 01:17:50 ******/
ALTER TABLE [dbo].[NFINHIST]  WITH CHECK ADD  CONSTRAINT [FK_NFINHIST_EMPM1] FOREIGN KEY([APPRV_EMPID])
REFERENCES [dbo].[EMPM] ([EMP_ID])
GO
ALTER TABLE [dbo].[NFINHIST] CHECK CONSTRAINT [FK_NFINHIST_EMPM1]
GO
/****** Object:  ForeignKey [FK_PENDTXN_ACTM]    Script Date: 10/29/2015 01:17:51 ******/
ALTER TABLE [dbo].[PENDTXN]  WITH CHECK ADD  CONSTRAINT [FK_PENDTXN_ACTM] FOREIGN KEY([AC_NO])
REFERENCES [dbo].[ACTM] ([AC_NO])
GO
ALTER TABLE [dbo].[PENDTXN] CHECK CONSTRAINT [FK_PENDTXN_ACTM]
GO
/****** Object:  ForeignKey [FK_PENDTXN_ACTM1]    Script Date: 10/29/2015 01:17:51 ******/
ALTER TABLE [dbo].[PENDTXN]  WITH CHECK ADD  CONSTRAINT [FK_PENDTXN_ACTM1] FOREIGN KEY([AC_NO2])
REFERENCES [dbo].[ACTM] ([AC_NO])
GO
ALTER TABLE [dbo].[PENDTXN] CHECK CONSTRAINT [FK_PENDTXN_ACTM1]
GO
/****** Object:  ForeignKey [FK_PENDTXN_CSTM]    Script Date: 10/29/2015 01:17:51 ******/
ALTER TABLE [dbo].[PENDTXN]  WITH CHECK ADD  CONSTRAINT [FK_PENDTXN_CSTM] FOREIGN KEY([INIT_CSNO])
REFERENCES [dbo].[CSTM] ([CS_NO])
GO
ALTER TABLE [dbo].[PENDTXN] CHECK CONSTRAINT [FK_PENDTXN_CSTM]
GO
/****** Object:  ForeignKey [FK_PENDTXN_EMPM]    Script Date: 10/29/2015 01:17:51 ******/
ALTER TABLE [dbo].[PENDTXN]  WITH CHECK ADD  CONSTRAINT [FK_PENDTXN_EMPM] FOREIGN KEY([INIT_EMPID])
REFERENCES [dbo].[EMPM] ([EMP_ID])
GO
ALTER TABLE [dbo].[PENDTXN] CHECK CONSTRAINT [FK_PENDTXN_EMPM]
GO
/****** Object:  ForeignKey [FK_PKIT_CSTM]    Script Date: 10/29/2015 01:17:52 ******/
ALTER TABLE [dbo].[PKIT]  WITH CHECK ADD  CONSTRAINT [FK_PKIT_CSTM] FOREIGN KEY([CS_NO])
REFERENCES [dbo].[CSTM] ([CS_NO])
GO
ALTER TABLE [dbo].[PKIT] CHECK CONSTRAINT [FK_PKIT_CSTM]
GO
